#
# There is insufficient memory for the Java Runtime Environment to continue.
# Native memory allocation (mmap) failed to map 255852544 bytes. Error detail: G1 virtual space
# Possible reasons:
#   The system is out of physical RAM or swap space
#   This process is running with CompressedOops enabled, and the Java Heap may be blocking the growth of the native heap
# Possible solutions:
#   Reduce memory load on the system
#   Increase physical memory or swap space
#   Check if swap backing store is full
#   Decrease Java heap size (-Xmx/-Xms)
#   Decrease number of Java threads
#   Decrease Java thread stack sizes (-Xss)
#   Set larger code cache with -XX:ReservedCodeCacheSize=
#   JVM is running with Unscaled Compressed Oops mode in which the Java heap is
#     placed in the first 4GB address space. The Java Heap base address is the
#     maximum limit for the native heap growth. Please use -XX:HeapBaseMinAddress
#     to set the Java Heap base and to place the Java Heap above 4GB virtual address.
# This output file may be truncated or incomplete.
#
#  Out of Memory Error (os_windows.cpp:3828), pid=9816, tid=13868
#
# JRE version: OpenJDK Runtime Environment (21.0.5) (build 21.0.5+-12932927-b750.29)
# Java VM: OpenJDK 64-Bit Server VM (21.0.5+-12932927-b750.29, mixed mode, tiered, compressed oops, compressed class ptrs, g1 gc, windows-amd64)
# No core dump will be written. Minidumps are not enabled by default on client versions of Windows
#

---------------  S U M M A R Y ------------

Command Line: --add-opens=java.base/java.util=ALL-UNNAMED --add-opens=java.base/java.lang=ALL-UNNAMED --add-opens=java.base/java.lang.invoke=ALL-UNNAMED --add-opens=java.prefs/java.util.prefs=ALL-UNNAMED --add-exports=jdk.compiler/com.sun.tools.javac.api=ALL-UNNAMED --add-exports=jdk.compiler/com.sun.tools.javac.util=ALL-UNNAMED --add-opens=java.base/java.nio.charset=ALL-UNNAMED --add-opens=java.base/java.net=ALL-UNNAMED --add-opens=java.base/java.util.concurrent.atomic=ALL-UNNAMED -Xmx2048m -Dfile.encoding=UTF-8 -Duser.country=BR -Duser.language=pt -Duser.variant -javaagent:C:\Users\Edson\.gradle\wrapper\dists\gradle-8.10.2-bin\a04bxjujx95o3nb99gddekhwo\gradle-8.10.2\lib\agents\gradle-instrumentation-agent-8.10.2.jar org.gradle.launcher.daemon.bootstrap.GradleDaemon 8.10.2

Host: Intel(R) Core(TM) i5-4310U CPU @ 2.00GHz, 4 cores, 7G,  Windows 10 , 64 bit Build 19041 (10.0.19041.5678)
Time: Thu Apr 17 15:33:52 2025 Hora oficial do Brasil elapsed time: 7447.665216 seconds (0d 2h 4m 7s)

---------------  T H R E A D  ---------------

Current thread (0x0000020fbae26ef0):  VMThread "VM Thread"          [id=13868, stack(0x000000ce15700000,0x000000ce15800000) (1024K)]

Stack: [0x000000ce15700000,0x000000ce15800000]
Native frames: (J=compiled Java code, j=interpreted, Vv=VM code, C=native code)
V  [jvm.dll+0x6cfb29]
V  [jvm.dll+0x85ded3]
V  [jvm.dll+0x86042e]
V  [jvm.dll+0x860b13]
V  [jvm.dll+0x27e6b6]
V  [jvm.dll+0x6cc385]
V  [jvm.dll+0x6c078a]
V  [jvm.dll+0x35525b]
V  [jvm.dll+0x35ceb6]
V  [jvm.dll+0x3aedd6]
V  [jvm.dll+0x3af0a8]
V  [jvm.dll+0x32792c]
V  [jvm.dll+0x3279b7]
V  [jvm.dll+0x36d80c]
V  [jvm.dll+0x36bfbe]
V  [jvm.dll+0x327081]
V  [jvm.dll+0x36b6d0]
V  [jvm.dll+0x866898]
V  [jvm.dll+0x867c14]
V  [jvm.dll+0x868150]
V  [jvm.dll+0x8683e3]
V  [jvm.dll+0x806368]
V  [jvm.dll+0x6ce3fd]
C  [ucrtbase.dll+0x21bb2]
C  [KERNEL32.DLL+0x17374]
C  [ntdll.dll+0x4cc91]

VM_Operation (0x000000ce183fa330): G1CollectForAllocation, mode: safepoint, requested by thread 0x0000020fcb831290


---------------  P R O C E S S  ---------------

Threads class SMR info:
_java_thread_list=0x0000020fc1858150, length=59, elements={
0x0000020fa2030b90, 0x0000020fbf04f7e0, 0x0000020fbf05a780, 0x0000020fbf06e1a0,
0x0000020fbf06ebf0, 0x0000020fbf071650, 0x0000020fbf0631e0, 0x0000020fbf064b70,
0x0000020fbf065600, 0x0000020fbf1da210, 0x0000020fbf1daf30, 0x0000020fbf1da8a0,
0x0000020fbf1db5c0, 0x0000020fbf1d8140, 0x0000020fc10698f0, 0x0000020fc10650c0,
0x0000020fc1065de0, 0x0000020fc1069f80, 0x0000020fc1067820, 0x0000020fc10643a0,
0x0000020fc10beb90, 0x0000020fc303c770, 0x0000020fc303d490, 0x0000020fc303e1b0,
0x0000020fc303ce00, 0x0000020fc1067190, 0x0000020fc1066b00, 0x0000020fcb825440,
0x0000020fcb8295e0, 0x0000020fcb82a300, 0x0000020fcb825ad0, 0x0000020fc1065750,
0x0000020fc1064a30, 0x0000020fc1066470, 0x0000020fcb828f50, 0x0000020fcb826160,
0x0000020fcb8267f0, 0x0000020fcb828230, 0x0000020fcb82a990, 0x0000020fcb82b020,
0x0000020fcb826e80, 0x0000020fcb827ba0, 0x0000020fcb824090, 0x0000020fcb82b6b0,
0x0000020fcb824720, 0x0000020fcb8288c0, 0x0000020fcb82bd40, 0x0000020fcb824db0,
0x0000020fcb82c3d0, 0x0000020fcb82d780, 0x0000020fcb82ca60, 0x0000020fcb82d0f0,
0x0000020fcb82e4a0, 0x0000020fcb3c9160, 0x0000020fcb831290, 0x0000020fcb82eb30,
0x0000020fcb830c00, 0x0000020fcb831fb0, 0x0000020fcb832640
}

Java Threads: ( => current thread )
  0x0000020fa2030b90 JavaThread "main"                              [_thread_blocked, id=11260, stack(0x000000ce15000000,0x000000ce15100000) (1024K)]
  0x0000020fbf04f7e0 JavaThread "Reference Handler"          daemon [_thread_blocked, id=14896, stack(0x000000ce15800000,0x000000ce15900000) (1024K)]
  0x0000020fbf05a780 JavaThread "Finalizer"                  daemon [_thread_blocked, id=9708, stack(0x000000ce15900000,0x000000ce15a00000) (1024K)]
  0x0000020fbf06e1a0 JavaThread "Signal Dispatcher"          daemon [_thread_blocked, id=15608, stack(0x000000ce15a00000,0x000000ce15b00000) (1024K)]
  0x0000020fbf06ebf0 JavaThread "Attach Listener"            daemon [_thread_blocked, id=3744, stack(0x000000ce15b00000,0x000000ce15c00000) (1024K)]
  0x0000020fbf071650 JavaThread "Service Thread"             daemon [_thread_blocked, id=15412, stack(0x000000ce15c00000,0x000000ce15d00000) (1024K)]
  0x0000020fbf0631e0 JavaThread "Monitor Deflation Thread"   daemon [_thread_blocked, id=11636, stack(0x000000ce15d00000,0x000000ce15e00000) (1024K)]
  0x0000020fbf064b70 JavaThread "C2 CompilerThread0"         daemon [_thread_blocked, id=7792, stack(0x000000ce15e00000,0x000000ce15f00000) (1024K)]
  0x0000020fbf065600 JavaThread "C1 CompilerThread0"         daemon [_thread_blocked, id=9672, stack(0x000000ce15f00000,0x000000ce16000000) (1024K)]
  0x0000020fbf1da210 JavaThread "Common-Cleaner"             daemon [_thread_blocked, id=224, stack(0x000000ce16000000,0x000000ce16100000) (1024K)]
  0x0000020fbf1daf30 JavaThread "Notification Thread"        daemon [_thread_blocked, id=13160, stack(0x000000ce16100000,0x000000ce16200000) (1024K)]
  0x0000020fbf1da8a0 JavaThread "Daemon health stats"               [_thread_blocked, id=10668, stack(0x000000ce16600000,0x000000ce16700000) (1024K)]
  0x0000020fbf1db5c0 JavaThread "Incoming local TCP Connector on port 52237"        [_thread_in_native, id=14368, stack(0x000000ce16700000,0x000000ce16800000) (1024K)]
  0x0000020fbf1d8140 JavaThread "Daemon periodic checks"            [_thread_blocked, id=4720, stack(0x000000ce16800000,0x000000ce16900000) (1024K)]
  0x0000020fc10698f0 JavaThread "Cache worker for journal cache (C:\Users\Edson\.gradle\caches\journal-1)"        [_thread_blocked, id=2044, stack(0x000000ce17000000,0x000000ce17100000) (1024K)]
  0x0000020fc10650c0 JavaThread "File lock request listener"        [_thread_in_native, id=7828, stack(0x000000ce17100000,0x000000ce17200000) (1024K)]
  0x0000020fc1065de0 JavaThread "Cache worker for file hash cache (C:\Users\Edson\.gradle\caches\8.10.2\fileHashes)"        [_thread_blocked, id=15516, stack(0x000000ce17200000,0x000000ce17300000) (1024K)]
  0x0000020fc1069f80 JavaThread "File watcher server"        daemon [_thread_blocked, id=11732, stack(0x000000ce17500000,0x000000ce17600000) (1024K)]
  0x0000020fc1067820 JavaThread "File watcher consumer"      daemon [_thread_blocked, id=12376, stack(0x000000ce17600000,0x000000ce17700000) (1024K)]
  0x0000020fc10643a0 JavaThread "Cache worker for file content cache (C:\Users\Edson\.gradle\caches\8.10.2\fileContent)"        [_thread_blocked, id=460, stack(0x000000ce17800000,0x000000ce17900000) (1024K)]
  0x0000020fc10beb90 JavaThread "Memory manager"                    [_thread_blocked, id=14968, stack(0x000000ce18500000,0x000000ce18600000) (1024K)]
  0x0000020fc303c770 JavaThread "RMI Scheduler(0)"           daemon [_thread_blocked, id=968, stack(0x000000ce19400000,0x000000ce19500000) (1024K)]
  0x0000020fc303d490 JavaThread "RMI GC Daemon"              daemon [_thread_blocked, id=13928, stack(0x000000ce19600000,0x000000ce19700000) (1024K)]
  0x0000020fc303e1b0 JavaThread "RMI TCP Accept-0"           daemon [_thread_in_native, id=7824, stack(0x000000ce19700000,0x000000ce19800000) (1024K)]
  0x0000020fc303ce00 JavaThread "RMI Reaper"                        [_thread_blocked, id=11360, stack(0x000000ce19800000,0x000000ce19900000) (1024K)]
  0x0000020fc1067190 JavaThread "Daemon Thread 9"                   [_thread_blocked, id=15744, stack(0x000000ce14d00000,0x000000ce14e00000) (1024K)]
  0x0000020fc1066b00 JavaThread "Daemon worker Thread 9"            [_thread_blocked, id=2656, stack(0x000000ce16400000,0x000000ce16500000) (1024K)]
  0x0000020fcb825440 JavaThread "RMI TCP Connection(idle)"   daemon [_thread_blocked, id=4100, stack(0x000000ce19900000,0x000000ce19a00000) (1024K)]
  0x0000020fcb8295e0 JavaThread "VFS cleanup Thread 9"              [_thread_blocked, id=1640, stack(0x000000ce16900000,0x000000ce16a00000) (1024K)]
  0x0000020fcb82a300 JavaThread "RMI TCP Connection(idle)"   daemon [_thread_blocked, id=16072, stack(0x000000ce14e00000,0x000000ce14f00000) (1024K)]
  0x0000020fcb825ad0 JavaThread "included builds"                   [_thread_blocked, id=14340, stack(0x000000ce18100000,0x000000ce18200000) (1024K)]
  0x0000020fc1065750 JavaThread "RMI RenewClean-[127.0.0.1:17428,org.jetbrains.kotlin.daemon.common.LoopbackNetworkInterface$ClientLoopbackSocketFactory@71e3a19c]" daemon [_thread_blocked, id=9540, stack(0x000000ce19c00000,0x000000ce19d00000) (1024K)]
  0x0000020fc1064a30 JavaThread "RMI TCP Connection(idle)"   daemon [_thread_blocked, id=8276, stack(0x000000ce19d00000,0x000000ce19e00000) (1024K)]
  0x0000020fc1066470 JavaThread "RMI TCP Connection(idle)"   daemon [_thread_blocked, id=1500, stack(0x000000ce19e00000,0x000000ce19f00000) (1024K)]
  0x0000020fcb828f50 JavaThread "RMI TCP Connection(idle)"   daemon [_thread_blocked, id=12304, stack(0x000000ce19f00000,0x000000ce1a000000) (1024K)]
  0x0000020fcb826160 JavaThread "Handler for socket connection from /127.0.0.1:52237 to /127.0.0.1:55398"        [_thread_in_native, id=7660, stack(0x000000ce14f00000,0x000000ce15000000) (1024K)]
  0x0000020fcb8267f0 JavaThread "Cancel handler"                    [_thread_blocked, id=8468, stack(0x000000ce16a00000,0x000000ce16b00000) (1024K)]
  0x0000020fcb828230 JavaThread "Asynchronous log dispatcher for DefaultDaemonConnection: socket connection from /127.0.0.1:52237 to /127.0.0.1:55398"        [_thread_blocked, id=13012, stack(0x000000ce16b00000,0x000000ce16c00000) (1024K)]
  0x0000020fcb82a990 JavaThread "Stdin handler"                     [_thread_blocked, id=8504, stack(0x000000ce16c00000,0x000000ce16d00000) (1024K)]
  0x0000020fcb82b020 JavaThread "Daemon client event forwarder"        [_thread_blocked, id=14984, stack(0x000000ce16d00000,0x000000ce16e00000) (1024K)]
  0x0000020fcb826e80 JavaThread "Cache worker for file hash cache (C:\Users\Edson\AndroidStudioProjects\nexus-mobile\.gradle\8.10.2\fileHashes)"        [_thread_blocked, id=4548, stack(0x000000ce16e00000,0x000000ce16f00000) (1024K)]
  0x0000020fcb827ba0 JavaThread "Cache worker for Build Output Cleanup Cache (C:\Users\Edson\AndroidStudioProjects\nexus-mobile\.gradle\buildOutputCleanup)"        [_thread_blocked, id=7420, stack(0x000000ce16f00000,0x000000ce17000000) (1024K)]
  0x0000020fcb824090 JavaThread "Cache worker for checksums cache (C:\Users\Edson\AndroidStudioProjects\nexus-mobile\.gradle\8.10.2\checksums)"        [_thread_blocked, id=15916, stack(0x000000ce17300000,0x000000ce17400000) (1024K)]
  0x0000020fcb82b6b0 JavaThread "Cache worker for cache directory md-rule (C:\Users\Edson\.gradle\caches\8.10.2\md-rule)"        [_thread_blocked, id=1560, stack(0x000000ce17400000,0x000000ce17500000) (1024K)]
  0x0000020fcb824720 JavaThread "Cache worker for cache directory md-supplier (C:\Users\Edson\.gradle\caches\8.10.2\md-supplier)"        [_thread_blocked, id=15592, stack(0x000000ce17700000,0x000000ce17800000) (1024K)]
  0x0000020fcb8288c0 JavaThread "Unconstrained build operations"        [_thread_blocked, id=6100, stack(0x000000ce17900000,0x000000ce17a00000) (1024K)]
  0x0000020fcb82bd40 JavaThread "Unconstrained build operations Thread 2"        [_thread_blocked, id=16000, stack(0x000000ce17a00000,0x000000ce17b00000) (1024K)]
  0x0000020fcb824db0 JavaThread "Unconstrained build operations Thread 3"        [_thread_blocked, id=5240, stack(0x000000ce17b00000,0x000000ce17c00000) (1024K)]
  0x0000020fcb82c3d0 JavaThread "Unconstrained build operations Thread 4"        [_thread_blocked, id=14204, stack(0x000000ce17c00000,0x000000ce17d00000) (1024K)]
  0x0000020fcb82d780 JavaThread "Unconstrained build operations Thread 5"        [_thread_blocked, id=11640, stack(0x000000ce17d00000,0x000000ce17e00000) (1024K)]
  0x0000020fcb82ca60 JavaThread "Unconstrained build operations Thread 6"        [_thread_blocked, id=6372, stack(0x000000ce17e00000,0x000000ce17f00000) (1024K)]
  0x0000020fcb82d0f0 JavaThread "build event listener"              [_thread_blocked, id=5544, stack(0x000000ce17f00000,0x000000ce18000000) (1024K)]
  0x0000020fcb82e4a0 JavaThread "build event listener"              [_thread_blocked, id=10492, stack(0x000000ce18000000,0x000000ce18100000) (1024K)]
  0x0000020fcb3c9160 JavaThread "C2 CompilerThread1"         daemon [_thread_blocked, id=12052, stack(0x000000ce18200000,0x000000ce18300000) (1024K)]
  0x0000020fcb831290 JavaThread "included builds"                   [_thread_blocked, id=4220, stack(0x000000ce18300000,0x000000ce18400000) (1024K)]
  0x0000020fcb82eb30 JavaThread "Execution worker"                  [_thread_blocked, id=16156, stack(0x000000ce18400000,0x000000ce18500000) (1024K)]
  0x0000020fcb830c00 JavaThread "Execution worker Thread 2"         [_thread_blocked, id=6936, stack(0x000000ce18600000,0x000000ce18700000) (1024K)]
  0x0000020fcb831fb0 JavaThread "Execution worker Thread 3"         [_thread_blocked, id=14620, stack(0x000000ce18700000,0x000000ce18800000) (1024K)]
  0x0000020fcb832640 JavaThread "Cache worker for execution history cache (C:\Users\Edson\AndroidStudioProjects\nexus-mobile\.gradle\8.10.2\executionHistory)"        [_thread_blocked, id=5840, stack(0x000000ce18800000,0x000000ce18900000) (1024K)]
Total: 59

Other Threads:
=>0x0000020fbae26ef0 VMThread "VM Thread"                           [id=13868, stack(0x000000ce15700000,0x000000ce15800000) (1024K)]
  0x0000020fbad98220 WatcherThread "VM Periodic Task Thread"        [id=1592, stack(0x000000ce15600000,0x000000ce15700000) (1024K)]
  0x0000020fa20879c0 WorkerThread "GC Thread#0"                     [id=13432, stack(0x000000ce15100000,0x000000ce15200000) (1024K)]
  0x0000020fbf60c8d0 WorkerThread "GC Thread#1"                     [id=6880, stack(0x000000ce16200000,0x000000ce16300000) (1024K)]
  0x0000020fbf5e2330 WorkerThread "GC Thread#2"                     [id=15908, stack(0x000000ce16300000,0x000000ce16400000) (1024K)]
  0x0000020fc03bfa40 WorkerThread "GC Thread#3"                     [id=13608, stack(0x000000ce16500000,0x000000ce16600000) (1024K)]
  0x0000020fa2098a20 ConcurrentGCThread "G1 Main Marker"            [id=10480, stack(0x000000ce15200000,0x000000ce15300000) (1024K)]
  0x0000020fa2099430 WorkerThread "G1 Conc#0"                       [id=2776, stack(0x000000ce15300000,0x000000ce15400000) (1024K)]
  0x0000020fbac5b110 ConcurrentGCThread "G1 Refine#0"               [id=16228, stack(0x000000ce15400000,0x000000ce15500000) (1024K)]
  0x0000020fbac5d950 ConcurrentGCThread "G1 Service"                [id=5536, stack(0x000000ce15500000,0x000000ce15600000) (1024K)]
Total: 10

Threads with active compile tasks:
C2 CompilerThread0  7447913 23318       4       org.gradle.api.internal.artifacts.repositories.metadata.DefaultMetadataFileSourceCodec::decode (55 bytes)
C2 CompilerThread1  7447914 23317       4       org.gradle.api.internal.artifacts.repositories.metadata.DefaultMetadataFileSourceCodec::decode (6 bytes)
Total: 2

VM state: at safepoint (normal execution)

VM Mutex/Monitor currently owned by a thread:  ([mutex/lock_event])
[0x00007ffecb13d360] Threads_lock - owner thread: 0x0000020fbae26ef0
[0x00007ffecb13d460] Heap_lock - owner thread: 0x0000020fcb831290

Heap address: 0x0000000080000000, size: 2048 MB, Compressed Oops mode: 32-bit

CDS archive(s) not mapped
Compressed class space mapped at: 0x0000000100000000-0x0000000140000000, reserved size: 1073741824
Narrow klass base: 0x0000000000000000, Narrow klass shift: 3, Narrow klass range: 0x140000000

GC Precious Log:
 CardTable entry size: 512
 Card Set container configuration: InlinePtr #cards 5 size 8 Array Of Cards #cards 12 size 40 Howl #buckets 4 coarsen threshold 1843 Howl Bitmap #cards 512 size 80 coarsen threshold 460 Card regions per heap region 1 cards per card region 2048
 CPUs: 4 total, 4 available
 Memory: 8097M
 Large Page Support: Disabled
 NUMA Support: Disabled
 Compressed Oops: Enabled (32-bit)
 Heap Region Size: 1M
 Heap Min Capacity: 8M
 Heap Initial Capacity: 128M
 Heap Max Capacity: 2G
 Pre-touch: Disabled
 Parallel Workers: 4
 Concurrent Workers: 1
 Concurrent Refinement Workers: 4
 Periodic GC: Disabled

Heap:
 garbage-first heap   total 272384K, used 132373K [0x0000000080000000, 0x0000000100000000)
  region size 1024K, 11 young (11264K), 11 survivors (11264K)
 Metaspace       used 119395K, committed 121152K, reserved 1179648K
  class space    used 15749K, committed 16768K, reserved 1048576K

Heap Regions: E=young(eden), S=young(survivor), O=old, HS=humongous(starts), HC=humongous(continues), CS=collection set, F=free, TAMS=top-at-mark-start, PB=parsable bottom
|   0|0x0000000080000000, 0x0000000080100000, 0x0000000080100000|100%|HS|  |TAMS 0x0000000080000000| PB 0x0000000080000000| Complete 
|   1|0x0000000080100000, 0x0000000080200000, 0x0000000080200000|100%|HC|  |TAMS 0x0000000080100000| PB 0x0000000080100000| Complete 
|   2|0x0000000080200000, 0x0000000080300000, 0x0000000080300000|100%|HC|  |TAMS 0x0000000080200000| PB 0x0000000080200000| Complete 
|   3|0x0000000080300000, 0x0000000080400000, 0x0000000080400000|100%|HC|  |TAMS 0x0000000080300000| PB 0x0000000080300000| Complete 
|   4|0x0000000080400000, 0x0000000080500000, 0x0000000080500000|100%| O|  |TAMS 0x0000000080400000| PB 0x0000000080400000| Untracked 
|   5|0x0000000080500000, 0x0000000080600000, 0x0000000080600000|100%| O|  |TAMS 0x0000000080500000| PB 0x0000000080500000| Untracked 
|   6|0x0000000080600000, 0x0000000080700000, 0x0000000080700000|100%| O|  |TAMS 0x0000000080600000| PB 0x0000000080600000| Untracked 
|   7|0x0000000080700000, 0x0000000080800000, 0x0000000080800000|100%|HS|  |TAMS 0x0000000080700000| PB 0x0000000080700000| Complete 
|   8|0x0000000080800000, 0x0000000080900000, 0x0000000080900000|100%| O|  |TAMS 0x0000000080800000| PB 0x0000000080800000| Untracked 
|   9|0x0000000080900000, 0x0000000080a00000, 0x0000000080a00000|100%| O|  |TAMS 0x0000000080900000| PB 0x0000000080900000| Untracked 
|  10|0x0000000080a00000, 0x0000000080b00000, 0x0000000080b00000|100%| O|  |TAMS 0x0000000080a00000| PB 0x0000000080a00000| Untracked 
|  11|0x0000000080b00000, 0x0000000080c00000, 0x0000000080c00000|100%| O|  |TAMS 0x0000000080b00000| PB 0x0000000080b00000| Untracked 
|  12|0x0000000080c00000, 0x0000000080d00000, 0x0000000080d00000|100%| O|  |TAMS 0x0000000080c00000| PB 0x0000000080c00000| Untracked 
|  13|0x0000000080d00000, 0x0000000080e00000, 0x0000000080e00000|100%| O|  |TAMS 0x0000000080d00000| PB 0x0000000080d00000| Untracked 
|  14|0x0000000080e00000, 0x0000000080f00000, 0x0000000080f00000|100%| O|  |TAMS 0x0000000080e00000| PB 0x0000000080e00000| Untracked 
|  15|0x0000000080f00000, 0x0000000081000000, 0x0000000081000000|100%| O|  |TAMS 0x0000000080f00000| PB 0x0000000080f00000| Untracked 
|  16|0x0000000081000000, 0x0000000081100000, 0x0000000081100000|100%| O|  |TAMS 0x0000000081000000| PB 0x0000000081000000| Untracked 
|  17|0x0000000081100000, 0x0000000081200000, 0x0000000081200000|100%| O|  |TAMS 0x0000000081100000| PB 0x0000000081100000| Untracked 
|  18|0x0000000081200000, 0x0000000081300000, 0x0000000081300000|100%| O|  |TAMS 0x0000000081200000| PB 0x0000000081200000| Untracked 
|  19|0x0000000081300000, 0x0000000081400000, 0x0000000081400000|100%| O|  |TAMS 0x0000000081300000| PB 0x0000000081300000| Untracked 
|  20|0x0000000081400000, 0x0000000081500000, 0x0000000081500000|100%| O|  |TAMS 0x0000000081400000| PB 0x0000000081400000| Untracked 
|  21|0x0000000081500000, 0x0000000081600000, 0x0000000081600000|100%| O|  |TAMS 0x0000000081500000| PB 0x0000000081500000| Untracked 
|  22|0x0000000081600000, 0x0000000081700000, 0x0000000081700000|100%| O|  |TAMS 0x0000000081600000| PB 0x0000000081600000| Untracked 
|  23|0x0000000081700000, 0x0000000081800000, 0x0000000081800000|100%| O|  |TAMS 0x0000000081700000| PB 0x0000000081700000| Untracked 
|  24|0x0000000081800000, 0x0000000081900000, 0x0000000081900000|100%| O|  |TAMS 0x0000000081800000| PB 0x0000000081800000| Untracked 
|  25|0x0000000081900000, 0x0000000081a00000, 0x0000000081a00000|100%| O|  |TAMS 0x0000000081900000| PB 0x0000000081900000| Untracked 
|  26|0x0000000081a00000, 0x0000000081b00000, 0x0000000081b00000|100%| O|  |TAMS 0x0000000081a00000| PB 0x0000000081a00000| Untracked 
|  27|0x0000000081b00000, 0x0000000081c00000, 0x0000000081c00000|100%| O|  |TAMS 0x0000000081b00000| PB 0x0000000081b00000| Untracked 
|  28|0x0000000081c00000, 0x0000000081d00000, 0x0000000081d00000|100%| O|  |TAMS 0x0000000081c00000| PB 0x0000000081c00000| Untracked 
|  29|0x0000000081d00000, 0x0000000081e00000, 0x0000000081e00000|100%| O|  |TAMS 0x0000000081d00000| PB 0x0000000081d00000| Untracked 
|  30|0x0000000081e00000, 0x0000000081f00000, 0x0000000081f00000|100%| O|  |TAMS 0x0000000081e00000| PB 0x0000000081e00000| Untracked 
|  31|0x0000000081f00000, 0x0000000082000000, 0x0000000082000000|100%| O|  |TAMS 0x0000000081f00000| PB 0x0000000081f00000| Untracked 
|  32|0x0000000082000000, 0x0000000082100000, 0x0000000082100000|100%| O|  |TAMS 0x0000000082000000| PB 0x0000000082000000| Untracked 
|  33|0x0000000082100000, 0x0000000082200000, 0x0000000082200000|100%| O|  |TAMS 0x0000000082100000| PB 0x0000000082100000| Untracked 
|  34|0x0000000082200000, 0x0000000082300000, 0x0000000082300000|100%| O|  |TAMS 0x0000000082200000| PB 0x0000000082200000| Untracked 
|  35|0x0000000082300000, 0x0000000082400000, 0x0000000082400000|100%| O|  |TAMS 0x0000000082300000| PB 0x0000000082300000| Untracked 
|  36|0x0000000082400000, 0x0000000082500000, 0x0000000082500000|100%| O|Cm|TAMS 0x0000000082400000| PB 0x0000000082400000| Complete 
|  37|0x0000000082500000, 0x0000000082500000, 0x0000000082600000|  0%| F|  |TAMS 0x0000000082500000| PB 0x0000000082500000| Untracked 
|  38|0x0000000082600000, 0x0000000082700000, 0x0000000082700000|100%| O|  |TAMS 0x0000000082600000| PB 0x0000000082600000| Untracked 
|  39|0x0000000082700000, 0x0000000082800000, 0x0000000082800000|100%| O|  |TAMS 0x0000000082700000| PB 0x0000000082700000| Untracked 
|  40|0x0000000082800000, 0x0000000082900000, 0x0000000082900000|100%| O|  |TAMS 0x0000000082800000| PB 0x0000000082800000| Untracked 
|  41|0x0000000082900000, 0x0000000082900000, 0x0000000082a00000|  0%| F|  |TAMS 0x0000000082900000| PB 0x0000000082900000| Untracked 
|  42|0x0000000082a00000, 0x0000000082b00000, 0x0000000082b00000|100%| O|  |TAMS 0x0000000082a00000| PB 0x0000000082a00000| Untracked 
|  43|0x0000000082b00000, 0x0000000082c00000, 0x0000000082c00000|100%| O|  |TAMS 0x0000000082b00000| PB 0x0000000082b00000| Untracked 
|  44|0x0000000082c00000, 0x0000000082d00000, 0x0000000082d00000|100%| O|Cm|TAMS 0x0000000082c00000| PB 0x0000000082c00000| Complete 
|  45|0x0000000082d00000, 0x0000000082e00000, 0x0000000082e00000|100%| O|  |TAMS 0x0000000082d00000| PB 0x0000000082d00000| Untracked 
|  46|0x0000000082e00000, 0x0000000082f00000, 0x0000000082f00000|100%|HS|  |TAMS 0x0000000082e00000| PB 0x0000000082e00000| Complete 
|  47|0x0000000082f00000, 0x0000000083000000, 0x0000000083000000|100%|HS|  |TAMS 0x0000000082f00000| PB 0x0000000082f00000| Complete 
|  48|0x0000000083000000, 0x0000000083100000, 0x0000000083100000|100%|HS|  |TAMS 0x0000000083000000| PB 0x0000000083000000| Complete 
|  49|0x0000000083100000, 0x0000000083200000, 0x0000000083200000|100%|HC|  |TAMS 0x0000000083100000| PB 0x0000000083100000| Complete 
|  50|0x0000000083200000, 0x0000000083300000, 0x0000000083300000|100%|HS|  |TAMS 0x0000000083200000| PB 0x0000000083200000| Complete 
|  51|0x0000000083300000, 0x0000000083400000, 0x0000000083400000|100%|HC|  |TAMS 0x0000000083300000| PB 0x0000000083300000| Complete 
|  52|0x0000000083400000, 0x0000000083500000, 0x0000000083500000|100%| O|  |TAMS 0x0000000083400000| PB 0x0000000083400000| Untracked 
|  53|0x0000000083500000, 0x0000000083600000, 0x0000000083600000|100%| O|  |TAMS 0x0000000083500000| PB 0x0000000083500000| Untracked 
|  54|0x0000000083600000, 0x0000000083700000, 0x0000000083700000|100%|HS|  |TAMS 0x0000000083600000| PB 0x0000000083600000| Complete 
|  55|0x0000000083700000, 0x0000000083800000, 0x0000000083800000|100%| O|  |TAMS 0x0000000083700000| PB 0x0000000083700000| Untracked 
|  56|0x0000000083800000, 0x0000000083900000, 0x0000000083900000|100%|HS|  |TAMS 0x0000000083800000| PB 0x0000000083800000| Complete 
|  57|0x0000000083900000, 0x0000000083a00000, 0x0000000083a00000|100%|HC|  |TAMS 0x0000000083900000| PB 0x0000000083900000| Complete 
|  58|0x0000000083a00000, 0x0000000083b00000, 0x0000000083b00000|100%|HC|  |TAMS 0x0000000083a00000| PB 0x0000000083a00000| Complete 
|  59|0x0000000083b00000, 0x0000000083c00000, 0x0000000083c00000|100%|HS|  |TAMS 0x0000000083b00000| PB 0x0000000083b00000| Complete 
|  60|0x0000000083c00000, 0x0000000083d00000, 0x0000000083d00000|100%|HS|  |TAMS 0x0000000083c00000| PB 0x0000000083c00000| Complete 
|  61|0x0000000083d00000, 0x0000000083e00000, 0x0000000083e00000|100%| O|  |TAMS 0x0000000083d00000| PB 0x0000000083d00000| Untracked 
|  62|0x0000000083e00000, 0x0000000083f00000, 0x0000000083f00000|100%| O|  |TAMS 0x0000000083e00000| PB 0x0000000083e00000| Untracked 
|  63|0x0000000083f00000, 0x0000000084000000, 0x0000000084000000|100%| O|  |TAMS 0x0000000083f00000| PB 0x0000000083f00000| Untracked 
|  64|0x0000000084000000, 0x0000000084100000, 0x0000000084100000|100%| O|  |TAMS 0x0000000084000000| PB 0x0000000084000000| Untracked 
|  65|0x0000000084100000, 0x0000000084200000, 0x0000000084200000|100%|HS|  |TAMS 0x0000000084100000| PB 0x0000000084100000| Complete 
|  66|0x0000000084200000, 0x0000000084200000, 0x0000000084300000|  0%| F|  |TAMS 0x0000000084200000| PB 0x0000000084200000| Untracked 
|  67|0x0000000084300000, 0x0000000084400000, 0x0000000084400000|100%| O|  |TAMS 0x0000000084300000| PB 0x0000000084300000| Untracked 
|  68|0x0000000084400000, 0x0000000084500000, 0x0000000084500000|100%| O|Cm|TAMS 0x0000000084400000| PB 0x0000000084400000| Complete 
|  69|0x0000000084500000, 0x0000000084600000, 0x0000000084600000|100%| O|  |TAMS 0x0000000084500000| PB 0x0000000084500000| Untracked 
|  70|0x0000000084600000, 0x0000000084700000, 0x0000000084700000|100%|HS|  |TAMS 0x0000000084600000| PB 0x0000000084600000| Complete 
|  71|0x0000000084700000, 0x0000000084800000, 0x0000000084800000|100%|HC|  |TAMS 0x0000000084700000| PB 0x0000000084700000| Complete 
|  72|0x0000000084800000, 0x0000000084900000, 0x0000000084900000|100%|HC|  |TAMS 0x0000000084800000| PB 0x0000000084800000| Complete 
|  73|0x0000000084900000, 0x0000000084a00000, 0x0000000084a00000|100%| O|  |TAMS 0x0000000084900000| PB 0x0000000084900000| Untracked 
|  74|0x0000000084a00000, 0x0000000084b00000, 0x0000000084b00000|100%| O|  |TAMS 0x0000000084a00000| PB 0x0000000084a00000| Untracked 
|  75|0x0000000084b00000, 0x0000000084c00000, 0x0000000084c00000|100%| O|  |TAMS 0x0000000084b00000| PB 0x0000000084b00000| Untracked 
|  76|0x0000000084c00000, 0x0000000084d00000, 0x0000000084d00000|100%| O|  |TAMS 0x0000000084c00000| PB 0x0000000084c00000| Untracked 
|  77|0x0000000084d00000, 0x0000000084d00000, 0x0000000084e00000|  0%| F|  |TAMS 0x0000000084d00000| PB 0x0000000084d00000| Untracked 
|  78|0x0000000084e00000, 0x0000000084f00000, 0x0000000084f00000|100%| O|  |TAMS 0x0000000084e00000| PB 0x0000000084e00000| Untracked 
|  79|0x0000000084f00000, 0x0000000085000000, 0x0000000085000000|100%| O|  |TAMS 0x0000000084f00000| PB 0x0000000084f00000| Untracked 
|  80|0x0000000085000000, 0x0000000085100000, 0x0000000085100000|100%| O|Cm|TAMS 0x0000000085000000| PB 0x0000000085000000| Complete 
|  81|0x0000000085100000, 0x0000000085200000, 0x0000000085200000|100%|HS|  |TAMS 0x0000000085100000| PB 0x0000000085100000| Complete 
|  82|0x0000000085200000, 0x0000000085300000, 0x0000000085300000|100%| O|  |TAMS 0x0000000085200000| PB 0x0000000085200000| Untracked 
|  83|0x0000000085300000, 0x0000000085400000, 0x0000000085400000|100%| O|  |TAMS 0x0000000085300000| PB 0x0000000085300000| Untracked 
|  84|0x0000000085400000, 0x0000000085400000, 0x0000000085500000|  0%| F|  |TAMS 0x0000000085400000| PB 0x0000000085400000| Untracked 
|  85|0x0000000085500000, 0x0000000085500000, 0x0000000085600000|  0%| F|  |TAMS 0x0000000085500000| PB 0x0000000085500000| Untracked 
|  86|0x0000000085600000, 0x0000000085700000, 0x0000000085700000|100%| O|  |TAMS 0x0000000085600000| PB 0x0000000085600000| Untracked 
|  87|0x0000000085700000, 0x0000000085800000, 0x0000000085800000|100%| O|  |TAMS 0x0000000085700000| PB 0x0000000085700000| Untracked 
|  88|0x0000000085800000, 0x0000000085900000, 0x0000000085900000|100%| O|  |TAMS 0x0000000085800000| PB 0x0000000085800000| Untracked 
|  89|0x0000000085900000, 0x0000000085900000, 0x0000000085a00000|  0%| F|  |TAMS 0x0000000085900000| PB 0x0000000085900000| Untracked 
|  90|0x0000000085a00000, 0x0000000085b00000, 0x0000000085b00000|100%| O|  |TAMS 0x0000000085a00000| PB 0x0000000085a00000| Untracked 
|  91|0x0000000085b00000, 0x0000000085c00000, 0x0000000085c00000|100%| O|  |TAMS 0x0000000085b00000| PB 0x0000000085b00000| Untracked 
|  92|0x0000000085c00000, 0x0000000085c00000, 0x0000000085d00000|  0%| F|  |TAMS 0x0000000085c00000| PB 0x0000000085c00000| Untracked 
|  93|0x0000000085d00000, 0x0000000085e00000, 0x0000000085e00000|100%| O|Cm|TAMS 0x0000000085d00000| PB 0x0000000085d00000| Complete 
|  94|0x0000000085e00000, 0x0000000085f00000, 0x0000000085f00000|100%| O|  |TAMS 0x0000000085e00000| PB 0x0000000085e00000| Untracked 
|  95|0x0000000085f00000, 0x0000000086000000, 0x0000000086000000|100%| O|  |TAMS 0x0000000085f00000| PB 0x0000000085f00000| Untracked 
|  96|0x0000000086000000, 0x00000000860456f0, 0x0000000086100000| 27%| O|  |TAMS 0x0000000086000000| PB 0x0000000086000000| Untracked 
|  97|0x0000000086100000, 0x0000000086200000, 0x0000000086200000|100%| O|  |TAMS 0x0000000086100000| PB 0x0000000086100000| Untracked 
|  98|0x0000000086200000, 0x0000000086300000, 0x0000000086300000|100%| O|  |TAMS 0x0000000086200000| PB 0x0000000086200000| Untracked 
|  99|0x0000000086300000, 0x0000000086300000, 0x0000000086400000|  0%| F|  |TAMS 0x0000000086300000| PB 0x0000000086300000| Untracked 
| 100|0x0000000086400000, 0x0000000086500000, 0x0000000086500000|100%| O|  |TAMS 0x0000000086400000| PB 0x0000000086400000| Untracked 
| 101|0x0000000086500000, 0x0000000086500000, 0x0000000086600000|  0%| F|  |TAMS 0x0000000086500000| PB 0x0000000086500000| Untracked 
| 102|0x0000000086600000, 0x0000000086600000, 0x0000000086700000|  0%| F|  |TAMS 0x0000000086600000| PB 0x0000000086600000| Untracked 
| 103|0x0000000086700000, 0x0000000086700000, 0x0000000086800000|  0%| F|  |TAMS 0x0000000086700000| PB 0x0000000086700000| Untracked 
| 104|0x0000000086800000, 0x0000000086900000, 0x0000000086900000|100%| O|  |TAMS 0x0000000086800000| PB 0x0000000086800000| Untracked 
| 105|0x0000000086900000, 0x0000000086900000, 0x0000000086a00000|  0%| F|  |TAMS 0x0000000086900000| PB 0x0000000086900000| Untracked 
| 106|0x0000000086a00000, 0x0000000086b00000, 0x0000000086b00000|100%| O|Cm|TAMS 0x0000000086a00000| PB 0x0000000086a00000| Complete 
| 107|0x0000000086b00000, 0x0000000086b00000, 0x0000000086c00000|  0%| F|  |TAMS 0x0000000086b00000| PB 0x0000000086b00000| Untracked 
| 108|0x0000000086c00000, 0x0000000086d00000, 0x0000000086d00000|100%| O|Cm|TAMS 0x0000000086c00000| PB 0x0000000086c00000| Complete 
| 109|0x0000000086d00000, 0x0000000086e00000, 0x0000000086e00000|100%| O|  |TAMS 0x0000000086d00000| PB 0x0000000086d00000| Untracked 
| 110|0x0000000086e00000, 0x0000000086e00000, 0x0000000086f00000|  0%| F|  |TAMS 0x0000000086e00000| PB 0x0000000086e00000| Untracked 
| 111|0x0000000086f00000, 0x0000000086f00000, 0x0000000087000000|  0%| F|  |TAMS 0x0000000086f00000| PB 0x0000000086f00000| Untracked 
| 112|0x0000000087000000, 0x0000000087000000, 0x0000000087100000|  0%| F|  |TAMS 0x0000000087000000| PB 0x0000000087000000| Untracked 
| 113|0x0000000087100000, 0x0000000087100000, 0x0000000087200000|  0%| F|  |TAMS 0x0000000087100000| PB 0x0000000087100000| Untracked 
| 114|0x0000000087200000, 0x0000000087200000, 0x0000000087300000|  0%| F|  |TAMS 0x0000000087200000| PB 0x0000000087200000| Untracked 
| 115|0x0000000087300000, 0x0000000087300000, 0x0000000087400000|  0%| F|  |TAMS 0x0000000087300000| PB 0x0000000087300000| Untracked 
| 116|0x0000000087400000, 0x0000000087400000, 0x0000000087500000|  0%| F|  |TAMS 0x0000000087400000| PB 0x0000000087400000| Untracked 
| 117|0x0000000087500000, 0x0000000087500000, 0x0000000087600000|  0%| F|  |TAMS 0x0000000087500000| PB 0x0000000087500000| Untracked 
| 118|0x0000000087600000, 0x0000000087700000, 0x0000000087700000|100%| O|  |TAMS 0x0000000087600000| PB 0x0000000087600000| Untracked 
| 119|0x0000000087700000, 0x0000000087800000, 0x0000000087800000|100%| O|  |TAMS 0x0000000087700000| PB 0x0000000087700000| Untracked 
| 120|0x0000000087800000, 0x0000000087900000, 0x0000000087900000|100%| O|  |TAMS 0x0000000087800000| PB 0x0000000087800000| Untracked 
| 121|0x0000000087900000, 0x0000000087a00000, 0x0000000087a00000|100%| O|  |TAMS 0x0000000087900000| PB 0x0000000087900000| Untracked 
| 122|0x0000000087a00000, 0x0000000087b00000, 0x0000000087b00000|100%| O|  |TAMS 0x0000000087a00000| PB 0x0000000087a00000| Untracked 
| 123|0x0000000087b00000, 0x0000000087b00000, 0x0000000087c00000|  0%| F|  |TAMS 0x0000000087b00000| PB 0x0000000087b00000| Untracked 
| 124|0x0000000087c00000, 0x0000000087c00000, 0x0000000087d00000|  0%| F|  |TAMS 0x0000000087c00000| PB 0x0000000087c00000| Untracked 
| 125|0x0000000087d00000, 0x0000000087d00000, 0x0000000087e00000|  0%| F|  |TAMS 0x0000000087d00000| PB 0x0000000087d00000| Untracked 
| 126|0x0000000087e00000, 0x0000000087f00000, 0x0000000087f00000|100%| O|  |TAMS 0x0000000087e00000| PB 0x0000000087e00000| Untracked 
| 127|0x0000000087f00000, 0x0000000088000000, 0x0000000088000000|100%| O|  |TAMS 0x0000000087f00000| PB 0x0000000087f00000| Untracked 
| 128|0x0000000088000000, 0x0000000088100000, 0x0000000088100000|100%| O|  |TAMS 0x0000000088000000| PB 0x0000000088000000| Untracked 
| 129|0x0000000088100000, 0x0000000088200000, 0x0000000088200000|100%| O|  |TAMS 0x0000000088100000| PB 0x0000000088100000| Untracked 
| 130|0x0000000088200000, 0x0000000088300000, 0x0000000088300000|100%| O|  |TAMS 0x0000000088200000| PB 0x0000000088200000| Untracked 
| 131|0x0000000088300000, 0x0000000088400000, 0x0000000088400000|100%| O|  |TAMS 0x0000000088300000| PB 0x0000000088300000| Untracked 
| 132|0x0000000088400000, 0x0000000088500000, 0x0000000088500000|100%| O|  |TAMS 0x0000000088400000| PB 0x0000000088400000| Untracked 
| 133|0x0000000088500000, 0x0000000088600000, 0x0000000088600000|100%| O|Cm|TAMS 0x0000000088500000| PB 0x0000000088500000| Complete 
| 134|0x0000000088600000, 0x0000000088700000, 0x0000000088700000|100%| O|  |TAMS 0x0000000088600000| PB 0x0000000088600000| Untracked 
| 135|0x0000000088700000, 0x0000000088800000, 0x0000000088800000|100%| O|Cm|TAMS 0x0000000088700000| PB 0x0000000088700000| Complete 
| 136|0x0000000088800000, 0x0000000088800000, 0x0000000088900000|  0%| F|  |TAMS 0x0000000088800000| PB 0x0000000088800000| Untracked 
| 137|0x0000000088900000, 0x0000000088900000, 0x0000000088a00000|  0%| F|  |TAMS 0x0000000088900000| PB 0x0000000088900000| Untracked 
| 138|0x0000000088a00000, 0x0000000088a00000, 0x0000000088b00000|  0%| F|  |TAMS 0x0000000088a00000| PB 0x0000000088a00000| Untracked 
| 139|0x0000000088b00000, 0x0000000088b00000, 0x0000000088c00000|  0%| F|  |TAMS 0x0000000088b00000| PB 0x0000000088b00000| Untracked 
| 140|0x0000000088c00000, 0x0000000088c00000, 0x0000000088d00000|  0%| F|  |TAMS 0x0000000088c00000| PB 0x0000000088c00000| Untracked 
| 141|0x0000000088d00000, 0x0000000088d00000, 0x0000000088e00000|  0%| F|  |TAMS 0x0000000088d00000| PB 0x0000000088d00000| Untracked 
| 142|0x0000000088e00000, 0x0000000088e00000, 0x0000000088f00000|  0%| F|  |TAMS 0x0000000088e00000| PB 0x0000000088e00000| Untracked 
| 143|0x0000000088f00000, 0x0000000088f00000, 0x0000000089000000|  0%| F|  |TAMS 0x0000000088f00000| PB 0x0000000088f00000| Untracked 
| 144|0x0000000089000000, 0x0000000089000000, 0x0000000089100000|  0%| F|  |TAMS 0x0000000089000000| PB 0x0000000089000000| Untracked 
| 145|0x0000000089100000, 0x0000000089200000, 0x0000000089200000|100%| O|  |TAMS 0x0000000089100000| PB 0x0000000089100000| Untracked 
| 146|0x0000000089200000, 0x0000000089300000, 0x0000000089300000|100%| O|  |TAMS 0x0000000089200000| PB 0x0000000089200000| Untracked 
| 147|0x0000000089300000, 0x0000000089400000, 0x0000000089400000|100%| O|  |TAMS 0x0000000089300000| PB 0x0000000089300000| Untracked 
| 148|0x0000000089400000, 0x0000000089500000, 0x0000000089500000|100%| O|  |TAMS 0x0000000089400000| PB 0x0000000089400000| Untracked 
| 149|0x0000000089500000, 0x0000000089500000, 0x0000000089600000|  0%| F|  |TAMS 0x0000000089500000| PB 0x0000000089500000| Untracked 
| 150|0x0000000089600000, 0x0000000089700000, 0x0000000089700000|100%| O|  |TAMS 0x0000000089600000| PB 0x0000000089600000| Untracked 
| 151|0x0000000089700000, 0x0000000089800000, 0x0000000089800000|100%| O|  |TAMS 0x0000000089700000| PB 0x0000000089700000| Untracked 
| 152|0x0000000089800000, 0x0000000089900000, 0x0000000089900000|100%| O|  |TAMS 0x0000000089800000| PB 0x0000000089800000| Untracked 
| 153|0x0000000089900000, 0x0000000089900000, 0x0000000089a00000|  0%| F|  |TAMS 0x0000000089900000| PB 0x0000000089900000| Untracked 
| 154|0x0000000089a00000, 0x0000000089a00000, 0x0000000089b00000|  0%| F|  |TAMS 0x0000000089a00000| PB 0x0000000089a00000| Untracked 
| 155|0x0000000089b00000, 0x0000000089b00000, 0x0000000089c00000|  0%| F|  |TAMS 0x0000000089b00000| PB 0x0000000089b00000| Untracked 
| 156|0x0000000089c00000, 0x0000000089c00000, 0x0000000089d00000|  0%| F|  |TAMS 0x0000000089c00000| PB 0x0000000089c00000| Untracked 
| 157|0x0000000089d00000, 0x0000000089e00000, 0x0000000089e00000|100%| S|CS|TAMS 0x0000000089d00000| PB 0x0000000089d00000| Complete 
| 158|0x0000000089e00000, 0x0000000089f00000, 0x0000000089f00000|100%| S|CS|TAMS 0x0000000089e00000| PB 0x0000000089e00000| Complete 
| 159|0x0000000089f00000, 0x000000008a000000, 0x000000008a000000|100%| S|CS|TAMS 0x0000000089f00000| PB 0x0000000089f00000| Complete 
| 160|0x000000008a000000, 0x000000008a100000, 0x000000008a100000|100%| S|CS|TAMS 0x000000008a000000| PB 0x000000008a000000| Complete 
| 161|0x000000008a100000, 0x000000008a200000, 0x000000008a200000|100%| S|CS|TAMS 0x000000008a100000| PB 0x000000008a100000| Complete 
| 162|0x000000008a200000, 0x000000008a300000, 0x000000008a300000|100%| S|CS|TAMS 0x000000008a200000| PB 0x000000008a200000| Complete 
| 163|0x000000008a300000, 0x000000008a400000, 0x000000008a400000|100%| S|CS|TAMS 0x000000008a300000| PB 0x000000008a300000| Complete 
| 164|0x000000008a400000, 0x000000008a500000, 0x000000008a500000|100%| S|CS|TAMS 0x000000008a400000| PB 0x000000008a400000| Complete 
| 165|0x000000008a500000, 0x000000008a600000, 0x000000008a600000|100%| S|CS|TAMS 0x000000008a500000| PB 0x000000008a500000| Complete 
| 166|0x000000008a600000, 0x000000008a700000, 0x000000008a700000|100%| S|CS|TAMS 0x000000008a600000| PB 0x000000008a600000| Complete 
| 167|0x000000008a700000, 0x000000008a800000, 0x000000008a800000|100%| S|CS|TAMS 0x000000008a700000| PB 0x000000008a700000| Complete 
| 168|0x000000008a800000, 0x000000008a800000, 0x000000008a900000|  0%| F|  |TAMS 0x000000008a800000| PB 0x000000008a800000| Untracked 
| 169|0x000000008a900000, 0x000000008a900000, 0x000000008aa00000|  0%| F|  |TAMS 0x000000008a900000| PB 0x000000008a900000| Untracked 
| 170|0x000000008aa00000, 0x000000008aa00000, 0x000000008ab00000|  0%| F|  |TAMS 0x000000008aa00000| PB 0x000000008aa00000| Untracked 
| 171|0x000000008ab00000, 0x000000008ab00000, 0x000000008ac00000|  0%| F|  |TAMS 0x000000008ab00000| PB 0x000000008ab00000| Untracked 
| 172|0x000000008ac00000, 0x000000008ac00000, 0x000000008ad00000|  0%| F|  |TAMS 0x000000008ac00000| PB 0x000000008ac00000| Untracked 
| 173|0x000000008ad00000, 0x000000008ad00000, 0x000000008ae00000|  0%| F|  |TAMS 0x000000008ad00000| PB 0x000000008ad00000| Untracked 
| 174|0x000000008ae00000, 0x000000008ae00000, 0x000000008af00000|  0%| F|  |TAMS 0x000000008ae00000| PB 0x000000008ae00000| Untracked 
| 175|0x000000008af00000, 0x000000008af00000, 0x000000008b000000|  0%| F|  |TAMS 0x000000008af00000| PB 0x000000008af00000| Untracked 
| 176|0x000000008b000000, 0x000000008b000000, 0x000000008b100000|  0%| F|  |TAMS 0x000000008b000000| PB 0x000000008b000000| Untracked 
| 177|0x000000008b100000, 0x000000008b100000, 0x000000008b200000|  0%| F|  |TAMS 0x000000008b100000| PB 0x000000008b100000| Untracked 
| 178|0x000000008b200000, 0x000000008b200000, 0x000000008b300000|  0%| F|  |TAMS 0x000000008b200000| PB 0x000000008b200000| Untracked 
| 179|0x000000008b300000, 0x000000008b300000, 0x000000008b400000|  0%| F|  |TAMS 0x000000008b300000| PB 0x000000008b300000| Untracked 
| 180|0x000000008b400000, 0x000000008b400000, 0x000000008b500000|  0%| F|  |TAMS 0x000000008b400000| PB 0x000000008b400000| Untracked 
| 181|0x000000008b500000, 0x000000008b500000, 0x000000008b600000|  0%| F|  |TAMS 0x000000008b500000| PB 0x000000008b500000| Untracked 
| 182|0x000000008b600000, 0x000000008b600000, 0x000000008b700000|  0%| F|  |TAMS 0x000000008b600000| PB 0x000000008b600000| Untracked 
| 183|0x000000008b700000, 0x000000008b700000, 0x000000008b800000|  0%| F|  |TAMS 0x000000008b700000| PB 0x000000008b700000| Untracked 
| 184|0x000000008b800000, 0x000000008b800000, 0x000000008b900000|  0%| F|  |TAMS 0x000000008b800000| PB 0x000000008b800000| Untracked 
| 185|0x000000008b900000, 0x000000008b900000, 0x000000008ba00000|  0%| F|  |TAMS 0x000000008b900000| PB 0x000000008b900000| Untracked 
| 186|0x000000008ba00000, 0x000000008ba00000, 0x000000008bb00000|  0%| F|  |TAMS 0x000000008ba00000| PB 0x000000008ba00000| Untracked 
| 187|0x000000008bb00000, 0x000000008bb00000, 0x000000008bc00000|  0%| F|  |TAMS 0x000000008bb00000| PB 0x000000008bb00000| Untracked 
| 188|0x000000008bc00000, 0x000000008bc00000, 0x000000008bd00000|  0%| F|  |TAMS 0x000000008bc00000| PB 0x000000008bc00000| Untracked 
| 189|0x000000008bd00000, 0x000000008bd00000, 0x000000008be00000|  0%| F|  |TAMS 0x000000008bd00000| PB 0x000000008bd00000| Untracked 
| 190|0x000000008be00000, 0x000000008be00000, 0x000000008bf00000|  0%| F|  |TAMS 0x000000008be00000| PB 0x000000008be00000| Untracked 
| 191|0x000000008bf00000, 0x000000008bf00000, 0x000000008c000000|  0%| F|  |TAMS 0x000000008bf00000| PB 0x000000008bf00000| Untracked 
| 192|0x000000008c000000, 0x000000008c000000, 0x000000008c100000|  0%| F|  |TAMS 0x000000008c000000| PB 0x000000008c000000| Untracked 
| 193|0x000000008c100000, 0x000000008c100000, 0x000000008c200000|  0%| F|  |TAMS 0x000000008c100000| PB 0x000000008c100000| Untracked 
| 194|0x000000008c200000, 0x000000008c200000, 0x000000008c300000|  0%| F|  |TAMS 0x000000008c200000| PB 0x000000008c200000| Untracked 
| 195|0x000000008c300000, 0x000000008c300000, 0x000000008c400000|  0%| F|  |TAMS 0x000000008c300000| PB 0x000000008c300000| Untracked 
| 196|0x000000008c400000, 0x000000008c400000, 0x000000008c500000|  0%| F|  |TAMS 0x000000008c400000| PB 0x000000008c400000| Untracked 
| 197|0x000000008c500000, 0x000000008c500000, 0x000000008c600000|  0%| F|  |TAMS 0x000000008c500000| PB 0x000000008c500000| Untracked 
| 198|0x000000008c600000, 0x000000008c600000, 0x000000008c700000|  0%| F|  |TAMS 0x000000008c600000| PB 0x000000008c600000| Untracked 
| 199|0x000000008c700000, 0x000000008c700000, 0x000000008c800000|  0%| F|  |TAMS 0x000000008c700000| PB 0x000000008c700000| Untracked 
| 200|0x000000008c800000, 0x000000008c800000, 0x000000008c900000|  0%| F|  |TAMS 0x000000008c800000| PB 0x000000008c800000| Untracked 
| 201|0x000000008c900000, 0x000000008c900000, 0x000000008ca00000|  0%| F|  |TAMS 0x000000008c900000| PB 0x000000008c900000| Untracked 
| 202|0x000000008ca00000, 0x000000008ca00000, 0x000000008cb00000|  0%| F|  |TAMS 0x000000008ca00000| PB 0x000000008ca00000| Untracked 
| 203|0x000000008cb00000, 0x000000008cb00000, 0x000000008cc00000|  0%| F|  |TAMS 0x000000008cb00000| PB 0x000000008cb00000| Untracked 
| 204|0x000000008cc00000, 0x000000008cc00000, 0x000000008cd00000|  0%| F|  |TAMS 0x000000008cc00000| PB 0x000000008cc00000| Untracked 
| 205|0x000000008cd00000, 0x000000008cd00000, 0x000000008ce00000|  0%| F|  |TAMS 0x000000008cd00000| PB 0x000000008cd00000| Untracked 
| 206|0x000000008ce00000, 0x000000008ce00000, 0x000000008cf00000|  0%| F|  |TAMS 0x000000008ce00000| PB 0x000000008ce00000| Untracked 
| 207|0x000000008cf00000, 0x000000008cf00000, 0x000000008d000000|  0%| F|  |TAMS 0x000000008cf00000| PB 0x000000008cf00000| Untracked 
| 208|0x000000008d000000, 0x000000008d000000, 0x000000008d100000|  0%| F|  |TAMS 0x000000008d000000| PB 0x000000008d000000| Untracked 
| 209|0x000000008d100000, 0x000000008d100000, 0x000000008d200000|  0%| F|  |TAMS 0x000000008d100000| PB 0x000000008d100000| Untracked 
| 210|0x000000008d200000, 0x000000008d200000, 0x000000008d300000|  0%| F|  |TAMS 0x000000008d200000| PB 0x000000008d200000| Untracked 
| 211|0x000000008d300000, 0x000000008d300000, 0x000000008d400000|  0%| F|  |TAMS 0x000000008d300000| PB 0x000000008d300000| Untracked 
| 212|0x000000008d400000, 0x000000008d400000, 0x000000008d500000|  0%| F|  |TAMS 0x000000008d400000| PB 0x000000008d400000| Untracked 
| 213|0x000000008d500000, 0x000000008d500000, 0x000000008d600000|  0%| F|  |TAMS 0x000000008d500000| PB 0x000000008d500000| Untracked 
| 214|0x000000008d600000, 0x000000008d600000, 0x000000008d700000|  0%| F|  |TAMS 0x000000008d600000| PB 0x000000008d600000| Untracked 
| 215|0x000000008d700000, 0x000000008d700000, 0x000000008d800000|  0%| F|  |TAMS 0x000000008d700000| PB 0x000000008d700000| Untracked 
| 216|0x000000008d800000, 0x000000008d800000, 0x000000008d900000|  0%| F|  |TAMS 0x000000008d800000| PB 0x000000008d800000| Untracked 
| 217|0x000000008d900000, 0x000000008d900000, 0x000000008da00000|  0%| F|  |TAMS 0x000000008d900000| PB 0x000000008d900000| Untracked 
| 218|0x000000008da00000, 0x000000008da00000, 0x000000008db00000|  0%| F|  |TAMS 0x000000008da00000| PB 0x000000008da00000| Untracked 
| 219|0x000000008db00000, 0x000000008db00000, 0x000000008dc00000|  0%| F|  |TAMS 0x000000008db00000| PB 0x000000008db00000| Untracked 
| 220|0x000000008dc00000, 0x000000008dc00000, 0x000000008dd00000|  0%| F|  |TAMS 0x000000008dc00000| PB 0x000000008dc00000| Untracked 
| 221|0x000000008dd00000, 0x000000008dd00000, 0x000000008de00000|  0%| F|  |TAMS 0x000000008dd00000| PB 0x000000008dd00000| Untracked 
| 222|0x000000008de00000, 0x000000008de00000, 0x000000008df00000|  0%| F|  |TAMS 0x000000008de00000| PB 0x000000008de00000| Untracked 
| 223|0x000000008df00000, 0x000000008df00000, 0x000000008e000000|  0%| F|  |TAMS 0x000000008df00000| PB 0x000000008df00000| Untracked 
| 224|0x000000008e000000, 0x000000008e000000, 0x000000008e100000|  0%| F|  |TAMS 0x000000008e000000| PB 0x000000008e000000| Untracked 
| 225|0x000000008e100000, 0x000000008e100000, 0x000000008e200000|  0%| F|  |TAMS 0x000000008e100000| PB 0x000000008e100000| Untracked 
| 226|0x000000008e200000, 0x000000008e200000, 0x000000008e300000|  0%| F|  |TAMS 0x000000008e200000| PB 0x000000008e200000| Untracked 
| 227|0x000000008e300000, 0x000000008e300000, 0x000000008e400000|  0%| F|  |TAMS 0x000000008e300000| PB 0x000000008e300000| Untracked 
| 228|0x000000008e400000, 0x000000008e400000, 0x000000008e500000|  0%| F|  |TAMS 0x000000008e400000| PB 0x000000008e400000| Untracked 
| 229|0x000000008e500000, 0x000000008e500000, 0x000000008e600000|  0%| F|  |TAMS 0x000000008e500000| PB 0x000000008e500000| Untracked 
| 230|0x000000008e600000, 0x000000008e600000, 0x000000008e700000|  0%| F|  |TAMS 0x000000008e600000| PB 0x000000008e600000| Untracked 
| 231|0x000000008e700000, 0x000000008e700000, 0x000000008e800000|  0%| F|  |TAMS 0x000000008e700000| PB 0x000000008e700000| Untracked 
| 232|0x000000008e800000, 0x000000008e800000, 0x000000008e900000|  0%| F|  |TAMS 0x000000008e800000| PB 0x000000008e800000| Untracked 
| 233|0x000000008e900000, 0x000000008e900000, 0x000000008ea00000|  0%| F|  |TAMS 0x000000008e900000| PB 0x000000008e900000| Untracked 
| 234|0x000000008ea00000, 0x000000008ea00000, 0x000000008eb00000|  0%| F|  |TAMS 0x000000008ea00000| PB 0x000000008ea00000| Untracked 
| 235|0x000000008eb00000, 0x000000008eb00000, 0x000000008ec00000|  0%| F|  |TAMS 0x000000008eb00000| PB 0x000000008eb00000| Untracked 
| 236|0x000000008ec00000, 0x000000008ec00000, 0x000000008ed00000|  0%| F|  |TAMS 0x000000008ec00000| PB 0x000000008ec00000| Untracked 
| 237|0x000000008ed00000, 0x000000008ed00000, 0x000000008ee00000|  0%| F|  |TAMS 0x000000008ed00000| PB 0x000000008ed00000| Untracked 
| 238|0x000000008ee00000, 0x000000008ee00000, 0x000000008ef00000|  0%| F|  |TAMS 0x000000008ee00000| PB 0x000000008ee00000| Untracked 
| 239|0x000000008ef00000, 0x000000008ef00000, 0x000000008f000000|  0%| F|  |TAMS 0x000000008ef00000| PB 0x000000008ef00000| Untracked 
| 240|0x000000008f000000, 0x000000008f000000, 0x000000008f100000|  0%| F|  |TAMS 0x000000008f000000| PB 0x000000008f000000| Untracked 
| 241|0x000000008f100000, 0x000000008f100000, 0x000000008f200000|  0%| F|  |TAMS 0x000000008f100000| PB 0x000000008f100000| Untracked 
| 242|0x000000008f200000, 0x000000008f200000, 0x000000008f300000|  0%| F|  |TAMS 0x000000008f200000| PB 0x000000008f200000| Untracked 
| 243|0x000000008f300000, 0x000000008f300000, 0x000000008f400000|  0%| F|  |TAMS 0x000000008f300000| PB 0x000000008f300000| Untracked 
| 244|0x000000008f400000, 0x000000008f400000, 0x000000008f500000|  0%| F|  |TAMS 0x000000008f400000| PB 0x000000008f400000| Untracked 
| 245|0x000000008f500000, 0x000000008f500000, 0x000000008f600000|  0%| F|  |TAMS 0x000000008f500000| PB 0x000000008f500000| Untracked 
| 246|0x000000008f600000, 0x000000008f600000, 0x000000008f700000|  0%| F|  |TAMS 0x000000008f600000| PB 0x000000008f600000| Untracked 
| 247|0x000000008f700000, 0x000000008f700000, 0x000000008f800000|  0%| F|  |TAMS 0x000000008f700000| PB 0x000000008f700000| Untracked 
| 248|0x000000008f800000, 0x000000008f800000, 0x000000008f900000|  0%| F|  |TAMS 0x000000008f800000| PB 0x000000008f800000| Untracked 
| 249|0x000000008f900000, 0x000000008f900000, 0x000000008fa00000|  0%| F|  |TAMS 0x000000008f900000| PB 0x000000008f900000| Untracked 
| 250|0x000000008fa00000, 0x000000008fa00000, 0x000000008fb00000|  0%| F|  |TAMS 0x000000008fa00000| PB 0x000000008fa00000| Untracked 
| 251|0x000000008fb00000, 0x000000008fb00000, 0x000000008fc00000|  0%| F|  |TAMS 0x000000008fb00000| PB 0x000000008fb00000| Untracked 
| 252|0x000000008fc00000, 0x000000008fc00000, 0x000000008fd00000|  0%| F|  |TAMS 0x000000008fc00000| PB 0x000000008fc00000| Untracked 
| 253|0x000000008fd00000, 0x000000008fd00000, 0x000000008fe00000|  0%| F|  |TAMS 0x000000008fd00000| PB 0x000000008fd00000| Untracked 
| 254|0x000000008fe00000, 0x000000008fe00000, 0x000000008ff00000|  0%| F|  |TAMS 0x000000008fe00000| PB 0x000000008fe00000| Untracked 
| 255|0x000000008ff00000, 0x000000008ff00000, 0x0000000090000000|  0%| F|  |TAMS 0x000000008ff00000| PB 0x000000008ff00000| Untracked 
| 256|0x0000000090000000, 0x0000000090000000, 0x0000000090100000|  0%| F|  |TAMS 0x0000000090000000| PB 0x0000000090000000| Untracked 
| 257|0x0000000090100000, 0x0000000090100000, 0x0000000090200000|  0%| F|  |TAMS 0x0000000090100000| PB 0x0000000090100000| Untracked 
| 258|0x0000000090200000, 0x0000000090200000, 0x0000000090300000|  0%| F|  |TAMS 0x0000000090200000| PB 0x0000000090200000| Untracked 
|2041|0x00000000ff900000, 0x00000000ff900000, 0x00000000ffa00000|  0%| F|  |TAMS 0x00000000ff900000| PB 0x00000000ff900000| Untracked 
|2042|0x00000000ffa00000, 0x00000000ffa00000, 0x00000000ffb00000|  0%| F|  |TAMS 0x00000000ffa00000| PB 0x00000000ffa00000| Untracked 
|2043|0x00000000ffb00000, 0x00000000ffb00000, 0x00000000ffc00000|  0%| F|  |TAMS 0x00000000ffb00000| PB 0x00000000ffb00000| Untracked 
|2044|0x00000000ffc00000, 0x00000000ffc00000, 0x00000000ffd00000|  0%| F|  |TAMS 0x00000000ffc00000| PB 0x00000000ffc00000| Untracked 
|2045|0x00000000ffd00000, 0x00000000ffd00000, 0x00000000ffe00000|  0%| F|  |TAMS 0x00000000ffd00000| PB 0x00000000ffd00000| Untracked 
|2046|0x00000000ffe00000, 0x00000000ffe00000, 0x00000000fff00000|  0%| F|  |TAMS 0x00000000ffe00000| PB 0x00000000ffe00000| Untracked 
|2047|0x00000000fff00000, 0x0000000100000000, 0x0000000100000000|100%| O|  |TAMS 0x00000000fff00000| PB 0x00000000fff00000| Untracked 

Card table byte_map: [0x0000020fb6390000,0x0000020fb6790000] _byte_map_base: 0x0000020fb5f90000

Marking Bits: (CMBitMap*) 0x0000020fa2087fd0
 Bits: [0x0000020fb6790000, 0x0000020fb8790000)

Polling page: 0x0000020fa1ee0000

Metaspace:

Usage:
  Non-class:    101.22 MB used.
      Class:     15.38 MB used.
       Both:    116.60 MB used.

Virtual space:
  Non-class space:      128.00 MB reserved,     101.94 MB ( 80%) committed,  2 nodes.
      Class space:        1.00 GB reserved,      16.38 MB (  2%) committed,  1 nodes.
             Both:        1.12 GB reserved,     118.31 MB ( 10%) committed. 

Chunk freelists:
   Non-Class:  9.93 MB
       Class:  15.90 MB
        Both:  25.83 MB

MaxMetaspaceSize: unlimited
CompressedClassSpaceSize: 1.00 GB
Initial GC threshold: 21.00 MB
Current GC threshold: 197.00 MB
CDS: off
 - commit_granule_bytes: 65536.
 - commit_granule_words: 8192.
 - virtual_space_node_default_size: 8388608.
 - enlarge_chunks_in_place: 1.
 - use_allocation_guard: 0.


Internal statistics:

num_allocs_failed_limit: 12.
num_arena_births: 5594.
num_arena_deaths: 2792.
num_vsnodes_births: 3.
num_vsnodes_deaths: 0.
num_space_committed: 1893.
num_space_uncommitted: 0.
num_chunks_returned_to_freelist: 3176.
num_chunks_taken_from_freelist: 11706.
num_chunk_merges: 1203.
num_chunk_splits: 6819.
num_chunks_enlarged: 4023.
num_inconsistent_stats: 0.

CodeHeap 'non-profiled nmethods': size=120000Kb used=13847Kb max_used=14980Kb free=106152Kb
 bounds [0x0000020fae440000, 0x0000020faf2f0000, 0x0000020fb5970000]
CodeHeap 'profiled nmethods': size=120000Kb used=25982Kb max_used=29532Kb free=94017Kb
 bounds [0x0000020fa6970000, 0x0000020fa8650000, 0x0000020fadea0000]
CodeHeap 'non-nmethods': size=5760Kb used=2164Kb max_used=2234Kb free=3596Kb
 bounds [0x0000020fadea0000, 0x0000020fae110000, 0x0000020fae440000]
 total_blobs=15041 nmethods=14147 adapters=797
 compilation: enabled
              stopped_count=0, restarted_count=0
 full_count=0

Compilation events (20 events):
Event: 7447.130 Thread 0x0000020fbf065600 23311   !   3       jdk.internal.reflect.GeneratedSerializationConstructorAccessor183::newInstance (49 bytes)
Event: 7447.131 Thread 0x0000020fbf065600 nmethod 23311 0x0000020fa6ba8190 code [0x0000020fa6ba8380, 0x0000020fa6ba8780]
Event: 7447.131 Thread 0x0000020fbf065600 23312   !   3       jdk.internal.reflect.GeneratedSerializationConstructorAccessor125::newInstance (49 bytes)
Event: 7447.132 Thread 0x0000020fbf065600 nmethod 23312 0x0000020fa6b13810 code [0x0000020fa6b13a20, 0x0000020fa6b13fe0]
Event: 7447.133 Thread 0x0000020fbf065600 23313       3       java.io.ObjectInputStream::checkArray (40 bytes)
Event: 7447.133 Thread 0x0000020fbf065600 nmethod 23313 0x0000020fa731d010 code [0x0000020fa731d200, 0x0000020fa731d5a0]
Event: 7447.261 Thread 0x0000020fbf065600 23315       3       java.security.SecureRandom::next (61 bytes)
Event: 7447.261 Thread 0x0000020fbf065600 nmethod 23315 0x0000020fa7329f10 code [0x0000020fa732a0e0, 0x0000020fa732a3e8]
Event: 7447.299 Thread 0x0000020fbf065600 23316       3       org.gradle.internal.resolve.result.DefaultBuildableComponentResolveResult::failed (12 bytes)
Event: 7447.299 Thread 0x0000020fbf065600 nmethod 23316 0x0000020fa70b5a10 code [0x0000020fa70b5bc0, 0x0000020fa70b5d40]
Event: 7447.411 Thread 0x0000020fcb3c9160 nmethod 23305 0x0000020fae58e790 code [0x0000020fae58ece0, 0x0000020fae592a18]
Event: 7447.411 Thread 0x0000020fcb3c9160 23314       4       org.gradle.tooling.internal.provider.runner.OperationDependenciesResolver$$Lambda/0x0000000100fa58f0::apply (12 bytes)
Event: 7447.428 Thread 0x0000020fcb3c9160 nmethod 23314 0x0000020faeb3e990 code [0x0000020faeb3eba0, 0x0000020faeb3f090]
Event: 7447.428 Thread 0x0000020fcb3c9160 23301       4       org.gradle.api.internal.artifacts.ivyservice.resolveengine.projectresult.ResolvedLocalComponentsResultGraphVisitor::visitNode (86 bytes)
Event: 7447.440 Thread 0x0000020fcb3c9160 nmethod 23301 0x0000020faeabec10 code [0x0000020faeabee20, 0x0000020faeabf328]
Event: 7447.440 Thread 0x0000020fcb3c9160 23308       4       org.gradle.api.internal.provider.ValidatingValueCollector::add (97 bytes)
Event: 7447.443 Thread 0x0000020fbf064b70 nmethod 23304 0x0000020faeec1e90 code [0x0000020faeec2420, 0x0000020faeec6468]
Event: 7447.462 Thread 0x0000020fcb3c9160 nmethod 23308 0x0000020fae58ca90 code [0x0000020fae58cce0, 0x0000020fae58d6f8]
Event: 7447.471 Thread 0x0000020fcb3c9160 23317       4       org.gradle.api.internal.artifacts.repositories.metadata.DefaultMetadataFileSourceCodec::decode (6 bytes)
Event: 7447.471 Thread 0x0000020fbf064b70 23318       4       org.gradle.api.internal.artifacts.repositories.metadata.DefaultMetadataFileSourceCodec::decode (55 bytes)

GC Heap History (20 events):
Event: 6446.698 GC heap after
{Heap after GC invocations=70 (full 0):
 garbage-first heap   total 272384K, used 136510K [0x0000000080000000, 0x0000000100000000)
  region size 1024K, 2 young (2048K), 2 survivors (2048K)
 Metaspace       used 118740K, committed 120512K, reserved 1179648K
  class space    used 15743K, committed 16768K, reserved 1048576K
}
Event: 7291.703 GC heap before
{Heap before GC invocations=70 (full 0):
 garbage-first heap   total 272384K, used 248126K [0x0000000080000000, 0x0000000100000000)
  region size 1024K, 111 young (113664K), 2 survivors (2048K)
 Metaspace       used 118853K, committed 120640K, reserved 1179648K
  class space    used 15746K, committed 16768K, reserved 1048576K
}
Event: 7295.678 GC heap after
{Heap after GC invocations=71 (full 0):
 garbage-first heap   total 272384K, used 147456K [0x0000000080000000, 0x0000000100000000)
  region size 1024K, 12 young (12288K), 12 survivors (12288K)
 Metaspace       used 118853K, committed 120640K, reserved 1179648K
  class space    used 15746K, committed 16768K, reserved 1048576K
}
Event: 7295.954 GC heap before
{Heap before GC invocations=71 (full 0):
 garbage-first heap   total 272384K, used 148480K [0x0000000080000000, 0x0000000100000000)
  region size 1024K, 13 young (13312K), 12 survivors (12288K)
 Metaspace       used 118853K, committed 120640K, reserved 1179648K
  class space    used 15746K, committed 16768K, reserved 1048576K
}
Event: 7296.058 GC heap after
{Heap after GC invocations=72 (full 0):
 garbage-first heap   total 272384K, used 148707K [0x0000000080000000, 0x0000000100000000)
  region size 1024K, 2 young (2048K), 2 survivors (2048K)
 Metaspace       used 118853K, committed 120640K, reserved 1179648K
  class space    used 15746K, committed 16768K, reserved 1048576K
}
Event: 7297.224 GC heap before
{Heap before GC invocations=72 (full 0):
 garbage-first heap   total 272384K, used 158947K [0x0000000080000000, 0x0000000100000000)
  region size 1024K, 13 young (13312K), 2 survivors (2048K)
 Metaspace       used 118894K, committed 120640K, reserved 1179648K
  class space    used 15746K, committed 16768K, reserved 1048576K
}
Event: 7297.230 GC heap after
{Heap after GC invocations=73 (full 0):
 garbage-first heap   total 272384K, used 148242K [0x0000000080000000, 0x0000000100000000)
  region size 1024K, 1 young (1024K), 1 survivors (1024K)
 Metaspace       used 118894K, committed 120640K, reserved 1179648K
  class space    used 15746K, committed 16768K, reserved 1048576K
}
Event: 7299.688 GC heap before
{Heap before GC invocations=74 (full 0):
 garbage-first heap   total 272384K, used 159506K [0x0000000080000000, 0x0000000100000000)
  region size 1024K, 13 young (13312K), 1 survivors (1024K)
 Metaspace       used 118856K, committed 120640K, reserved 1179648K
  class space    used 15734K, committed 16768K, reserved 1048576K
}
Event: 7299.696 GC heap after
{Heap after GC invocations=75 (full 0):
 garbage-first heap   total 272384K, used 148355K [0x0000000080000000, 0x0000000100000000)
  region size 1024K, 2 young (2048K), 2 survivors (2048K)
 Metaspace       used 118856K, committed 120640K, reserved 1179648K
  class space    used 15734K, committed 16768K, reserved 1048576K
}
Event: 7367.058 GC heap before
{Heap before GC invocations=75 (full 0):
 garbage-first heap   total 272384K, used 232323K [0x0000000080000000, 0x0000000100000000)
  region size 1024K, 85 young (87040K), 2 survivors (2048K)
 Metaspace       used 118954K, committed 120704K, reserved 1179648K
  class space    used 15736K, committed 16768K, reserved 1048576K
}
Event: 7367.138 GC heap after
{Heap after GC invocations=76 (full 0):
 garbage-first heap   total 272384K, used 139604K [0x0000000080000000, 0x0000000100000000)
  region size 1024K, 9 young (9216K), 9 survivors (9216K)
 Metaspace       used 118954K, committed 120704K, reserved 1179648K
  class space    used 15736K, committed 16768K, reserved 1048576K
}
Event: 7407.672 GC heap before
{Heap before GC invocations=76 (full 0):
 garbage-first heap   total 272384K, used 232788K [0x0000000080000000, 0x0000000100000000)
  region size 1024K, 101 young (103424K), 9 survivors (9216K)
 Metaspace       used 119067K, committed 120832K, reserved 1179648K
  class space    used 15741K, committed 16768K, reserved 1048576K
}
Event: 7407.773 GC heap after
{Heap after GC invocations=77 (full 0):
 garbage-first heap   total 272384K, used 146487K [0x0000000080000000, 0x0000000100000000)
  region size 1024K, 9 young (9216K), 9 survivors (9216K)
 Metaspace       used 119067K, committed 120832K, reserved 1179648K
  class space    used 15741K, committed 16768K, reserved 1048576K
}
Event: 7411.789 GC heap before
{Heap before GC invocations=77 (full 0):
 garbage-first heap   total 272384K, used 236599K [0x0000000080000000, 0x0000000100000000)
  region size 1024K, 98 young (100352K), 9 survivors (9216K)
 Metaspace       used 119222K, committed 121024K, reserved 1179648K
  class space    used 15743K, committed 16768K, reserved 1048576K
}
Event: 7411.928 GC heap after
{Heap after GC invocations=78 (full 0):
 garbage-first heap   total 272384K, used 159548K [0x0000000080000000, 0x0000000100000000)
  region size 1024K, 13 young (13312K), 13 survivors (13312K)
 Metaspace       used 119222K, committed 121024K, reserved 1179648K
  class space    used 15743K, committed 16768K, reserved 1048576K
}
Event: 7411.995 GC heap before
{Heap before GC invocations=78 (full 0):
 garbage-first heap   total 272384K, used 160572K [0x0000000080000000, 0x0000000100000000)
  region size 1024K, 14 young (14336K), 13 survivors (13312K)
 Metaspace       used 119222K, committed 121024K, reserved 1179648K
  class space    used 15743K, committed 16768K, reserved 1048576K
}
Event: 7412.083 GC heap after
{Heap after GC invocations=79 (full 0):
 garbage-first heap   total 272384K, used 160768K [0x0000000080000000, 0x0000000100000000)
  region size 1024K, 2 young (2048K), 2 survivors (2048K)
 Metaspace       used 119222K, committed 121024K, reserved 1179648K
  class space    used 15743K, committed 16768K, reserved 1048576K
}
Event: 7413.317 GC heap before
{Heap before GC invocations=80 (full 0):
 garbage-first heap   total 272384K, used 157696K [0x0000000080000000, 0x0000000100000000)
  region size 1024K, 14 young (14336K), 2 survivors (2048K)
 Metaspace       used 119244K, committed 121024K, reserved 1179648K
  class space    used 15744K, committed 16768K, reserved 1048576K
}
Event: 7413.331 GC heap after
{Heap after GC invocations=81 (full 0):
 garbage-first heap   total 272384K, used 145977K [0x0000000080000000, 0x0000000100000000)
  region size 1024K, 2 young (2048K), 2 survivors (2048K)
 Metaspace       used 119244K, committed 121024K, reserved 1179648K
  class space    used 15744K, committed 16768K, reserved 1048576K
}
Event: 7447.571 GC heap before
{Heap before GC invocations=81 (full 0):
 garbage-first heap   total 272384K, used 242233K [0x0000000080000000, 0x0000000100000000)
  region size 1024K, 97 young (99328K), 2 survivors (2048K)
 Metaspace       used 119395K, committed 121152K, reserved 1179648K
  class space    used 15749K, committed 16768K, reserved 1048576K
}

Dll operation events (3 events):
Event: 0.025 Loaded shared library C:\Users\Edson\AppData\Local\Programs\Android Studio\jbr\bin\java.dll
Event: 0.037 Loaded shared library C:\Users\Edson\AppData\Local\Programs\Android Studio\jbr\bin\zip.dll
Event: 1.111 Loaded shared library C:\Users\Edson\AppData\Local\Programs\Android Studio\jbr\bin\verify.dll

Deoptimization events (20 events):
Event: 7424.801 Thread 0x0000020fc1066b00 Uncommon trap: trap_request=0xffffff45 fr.pc=0x0000020fae501ab8 relative=0x0000000000000638
Event: 7424.801 Thread 0x0000020fc1066b00 Uncommon trap: reason=unstable_if action=reinterpret pc=0x0000020fae501ab8 method=java.lang.ThreadLocal$ThreadLocalMap.set(Ljava/lang/ThreadLocal;Ljava/lang/Object;)V @ 53 c2
Event: 7424.801 Thread 0x0000020fc1066b00 DEOPT PACKING pc=0x0000020fae501ab8 sp=0x000000ce164fcad0
Event: 7424.801 Thread 0x0000020fc1066b00 DEOPT UNPACKING pc=0x0000020fadef46a2 sp=0x000000ce164fc9c8 mode 2
Event: 7446.927 Thread 0x0000020fc1066b00 Uncommon trap: trap_request=0xffffffbe fr.pc=0x0000020faed5f0d0 relative=0x00000000000040d0
Event: 7446.927 Thread 0x0000020fc1066b00 Uncommon trap: reason=profile_predicate action=maybe_recompile pc=0x0000020faed5f0d0 method=org.gradle.api.internal.artifacts.ivyservice.resolveengine.graph.conflicts.VersionConflictResolutionDetails.getDisplayName()Ljava/lang/String; @ 48 c2
Event: 7446.927 Thread 0x0000020fc1066b00 DEOPT PACKING pc=0x0000020faed5f0d0 sp=0x000000ce164f9720
Event: 7446.927 Thread 0x0000020fc1066b00 DEOPT UNPACKING pc=0x0000020fadef46a2 sp=0x000000ce164f95e8 mode 2
Event: 7446.928 Thread 0x0000020fc1066b00 Uncommon trap: trap_request=0xffffffbe fr.pc=0x0000020faed5f0d0 relative=0x00000000000040d0
Event: 7446.928 Thread 0x0000020fc1066b00 Uncommon trap: reason=profile_predicate action=maybe_recompile pc=0x0000020faed5f0d0 method=org.gradle.api.internal.artifacts.ivyservice.resolveengine.graph.conflicts.VersionConflictResolutionDetails.getDisplayName()Ljava/lang/String; @ 48 c2
Event: 7446.928 Thread 0x0000020fc1066b00 DEOPT PACKING pc=0x0000020faed5f0d0 sp=0x000000ce164f9720
Event: 7446.928 Thread 0x0000020fc1066b00 DEOPT UNPACKING pc=0x0000020fadef46a2 sp=0x000000ce164f95e8 mode 2
Event: 7446.928 Thread 0x0000020fc1066b00 Uncommon trap: trap_request=0xffffffbe fr.pc=0x0000020faed5f0d0 relative=0x00000000000040d0
Event: 7446.928 Thread 0x0000020fc1066b00 Uncommon trap: reason=profile_predicate action=maybe_recompile pc=0x0000020faed5f0d0 method=org.gradle.api.internal.artifacts.ivyservice.resolveengine.graph.conflicts.VersionConflictResolutionDetails.getDisplayName()Ljava/lang/String; @ 48 c2
Event: 7446.928 Thread 0x0000020fc1066b00 DEOPT PACKING pc=0x0000020faed5f0d0 sp=0x000000ce164f9720
Event: 7446.928 Thread 0x0000020fc1066b00 DEOPT UNPACKING pc=0x0000020fadef46a2 sp=0x000000ce164f95e8 mode 2
Event: 7446.928 Thread 0x0000020fc1066b00 Uncommon trap: trap_request=0xffffffbe fr.pc=0x0000020faed5f0d0 relative=0x00000000000040d0
Event: 7446.928 Thread 0x0000020fc1066b00 Uncommon trap: reason=profile_predicate action=maybe_recompile pc=0x0000020faed5f0d0 method=org.gradle.api.internal.artifacts.ivyservice.resolveengine.graph.conflicts.VersionConflictResolutionDetails.getDisplayName()Ljava/lang/String; @ 48 c2
Event: 7446.928 Thread 0x0000020fc1066b00 DEOPT PACKING pc=0x0000020faed5f0d0 sp=0x000000ce164f9720
Event: 7446.928 Thread 0x0000020fc1066b00 DEOPT UNPACKING pc=0x0000020fadef46a2 sp=0x000000ce164f95e8 mode 2

Classes loaded (20 events):
Event: 5737.528 Loading class java/lang/StackWalker$ExtendedOption
Event: 5737.530 Loading class java/lang/StackWalker$ExtendedOption done
Event: 5737.531 Loading class java/lang/StackStreamFactory$StackFrameTraverser
Event: 5737.534 Loading class java/lang/StackStreamFactory$StackFrameTraverser done
Event: 5737.534 Loading class java/lang/StackStreamFactory$WalkerState
Event: 5737.534 Loading class java/lang/StackStreamFactory$WalkerState done
Event: 5737.534 Loading class java/lang/StackStreamFactory$StackFrameTraverser$StackFrameBuffer
Event: 5737.536 Loading class java/lang/StackStreamFactory$FrameBuffer
Event: 5737.539 Loading class java/lang/StackStreamFactory$FrameBuffer done
Event: 5737.539 Loading class java/lang/StackStreamFactory$StackFrameTraverser$StackFrameBuffer done
Event: 5737.540 Loading class java/util/stream/SliceOps
Event: 5737.541 Loading class java/util/stream/SliceOps done
Event: 5737.541 Loading class java/util/stream/SliceOps$1
Event: 5737.542 Loading class java/util/stream/SliceOps$1 done
Event: 5737.555 Loading class java/util/stream/SliceOps$1$1
Event: 5737.556 Loading class java/util/stream/SliceOps$1$1 done
Event: 5947.307 Loading class sun/rmi/transport/DGCClient$EndpointEntry$CleanRequest
Event: 5947.308 Loading class sun/rmi/transport/DGCClient$EndpointEntry$CleanRequest done
Event: 5983.451 Loading class java/rmi/server/Unreferenced
Event: 5983.452 Loading class java/rmi/server/Unreferenced done

Classes unloaded (20 events):
Event: 7297.283 Thread 0x0000020fbae26ef0 Unloading class 0x000000010104a800 'java/lang/invoke/LambdaForm$MH+0x000000010104a800'
Event: 7297.283 Thread 0x0000020fbae26ef0 Unloading class 0x000000010104a000 'java/lang/invoke/LambdaForm$MH+0x000000010104a000'
Event: 7297.283 Thread 0x0000020fbae26ef0 Unloading class 0x0000000101049800 'java/lang/invoke/LambdaForm$MH+0x0000000101049800'
Event: 7297.284 Thread 0x0000020fbae26ef0 Unloading class 0x0000000100e7d800 'java/lang/invoke/LambdaForm$MH+0x0000000100e7d800'
Event: 7297.284 Thread 0x0000020fbae26ef0 Unloading class 0x0000000100e7d400 'java/lang/invoke/LambdaForm$MH+0x0000000100e7d400'
Event: 7297.284 Thread 0x0000020fbae26ef0 Unloading class 0x0000000100e48c00 'java/lang/invoke/LambdaForm$MH+0x0000000100e48c00'
Event: 7297.285 Thread 0x0000020fbae26ef0 Unloading class 0x0000000100e48800 'java/lang/invoke/LambdaForm$MH+0x0000000100e48800'
Event: 7297.285 Thread 0x0000020fbae26ef0 Unloading class 0x0000000100ac9000 'java/lang/invoke/LambdaForm$MH+0x0000000100ac9000'
Event: 7297.286 Thread 0x0000020fbae26ef0 Unloading class 0x0000000100ac8c00 'java/lang/invoke/LambdaForm$MH+0x0000000100ac8c00'
Event: 7297.286 Thread 0x0000020fbae26ef0 Unloading class 0x0000000100ac8400 'java/lang/invoke/LambdaForm$MH+0x0000000100ac8400'
Event: 7297.286 Thread 0x0000020fbae26ef0 Unloading class 0x0000000100ac8000 'java/lang/invoke/LambdaForm$MH+0x0000000100ac8000'
Event: 7297.286 Thread 0x0000020fbae26ef0 Unloading class 0x0000000100aba800 'java/lang/invoke/LambdaForm$MH+0x0000000100aba800'
Event: 7297.287 Thread 0x0000020fbae26ef0 Unloading class 0x0000000100715000 'java/lang/invoke/LambdaForm$MH+0x0000000100715000'
Event: 7297.288 Thread 0x0000020fbae26ef0 Unloading class 0x0000000100714c00 'java/lang/invoke/LambdaForm$MH+0x0000000100714c00'
Event: 7297.288 Thread 0x0000020fbae26ef0 Unloading class 0x00000001005be400 'java/lang/invoke/LambdaForm$MH+0x00000001005be400'
Event: 7297.288 Thread 0x0000020fbae26ef0 Unloading class 0x00000001005be000 'java/lang/invoke/LambdaForm$MH+0x00000001005be000'
Event: 7297.289 Thread 0x0000020fbae26ef0 Unloading class 0x00000001005b5000 'java/lang/invoke/LambdaForm$MH+0x00000001005b5000'
Event: 7297.289 Thread 0x0000020fbae26ef0 Unloading class 0x00000001005b4c00 'java/lang/invoke/LambdaForm$MH+0x00000001005b4c00'
Event: 7297.289 Thread 0x0000020fbae26ef0 Unloading class 0x0000000100584c00 'java/lang/invoke/LambdaForm$MH+0x0000000100584c00'
Event: 7297.289 Thread 0x0000020fbae26ef0 Unloading class 0x0000000100584800 'java/lang/invoke/LambdaForm$MH+0x0000000100584800'

Classes redefined (0 events):
No events

Internal exceptions (20 events):
Event: 7425.389 Thread 0x0000020fc1066b00 Exception <a 'sun/nio/fs/WindowsException'{0x000000008ff0e130}> (0x000000008ff0e130) 
thrown [s\src\hotspot\share\prims\jni.cpp, line 535]
Event: 7428.848 Thread 0x0000020fcb8295e0 Exception <a 'sun/nio/fs/WindowsException'{0x000000008f625dc8}> (0x000000008f625dc8) 
thrown [s\src\hotspot\share\prims\jni.cpp, line 535]
Event: 7428.848 Thread 0x0000020fcb8295e0 Exception <a 'sun/nio/fs/WindowsException'{0x000000008f6268b0}> (0x000000008f6268b0) 
thrown [s\src\hotspot\share\prims\jni.cpp, line 535]
Event: 7428.856 Thread 0x0000020fcb8295e0 Exception <a 'sun/nio/fs/WindowsException'{0x000000008f6273f8}> (0x000000008f6273f8) 
thrown [s\src\hotspot\share\prims\jni.cpp, line 535]
Event: 7428.872 Thread 0x0000020fcb8295e0 Exception <a 'sun/nio/fs/WindowsException'{0x000000008f63ab38}> (0x000000008f63ab38) 
thrown [s\src\hotspot\share\prims\jni.cpp, line 535]
Event: 7428.873 Thread 0x0000020fcb8295e0 Exception <a 'sun/nio/fs/WindowsException'{0x000000008f63b640}> (0x000000008f63b640) 
thrown [s\src\hotspot\share\prims\jni.cpp, line 535]
Event: 7428.873 Thread 0x0000020fcb8295e0 Exception <a 'sun/nio/fs/WindowsException'{0x000000008f63c1a0}> (0x000000008f63c1a0) 
thrown [s\src\hotspot\share\prims\jni.cpp, line 535]
Event: 7428.884 Thread 0x0000020fcb8295e0 Exception <a 'sun/nio/fs/WindowsException'{0x000000008f646df8}> (0x000000008f646df8) 
thrown [s\src\hotspot\share\prims\jni.cpp, line 535]
Event: 7444.840 Thread 0x0000020fc1066b00 Exception <a 'sun/nio/fs/WindowsException'{0x000000008f11d000}> (0x000000008f11d000) 
thrown [s\src\hotspot\share\prims\jni.cpp, line 535]
Event: 7444.860 Thread 0x0000020fc1066b00 Exception <a 'sun/nio/fs/WindowsException'{0x000000008f11e3f0}> (0x000000008f11e3f0) 
thrown [s\src\hotspot\share\prims\jni.cpp, line 535]
Event: 7444.862 Thread 0x0000020fc1066b00 Exception <a 'sun/nio/fs/WindowsException'{0x000000008f136cb8}> (0x000000008f136cb8) 
thrown [s\src\hotspot\share\prims\jni.cpp, line 535]
Event: 7444.862 Thread 0x0000020fc1066b00 Exception <a 'sun/nio/fs/WindowsException'{0x000000008f137d58}> (0x000000008f137d58) 
thrown [s\src\hotspot\share\prims\jni.cpp, line 535]
Event: 7445.415 Thread 0x0000020fc1066b00 Exception <a 'sun/nio/fs/WindowsException'{0x000000008e0db758}> (0x000000008e0db758) 
thrown [s\src\hotspot\share\prims\jni.cpp, line 535]
Event: 7445.416 Thread 0x0000020fc1066b00 Exception <a 'sun/nio/fs/WindowsException'{0x000000008e0dcd10}> (0x000000008e0dcd10) 
thrown [s\src\hotspot\share\prims\jni.cpp, line 535]
Event: 7445.417 Thread 0x0000020fc1066b00 Exception <a 'sun/nio/fs/WindowsException'{0x000000008e0e02c0}> (0x000000008e0e02c0) 
thrown [s\src\hotspot\share\prims\jni.cpp, line 535]
Event: 7446.764 Thread 0x0000020fc1066b00 Exception <a 'sun/nio/fs/WindowsException'{0x000000008b7c6850}> (0x000000008b7c6850) 
thrown [s\src\hotspot\share\prims\jni.cpp, line 535]
Event: 7446.764 Thread 0x0000020fc1066b00 Exception <a 'sun/nio/fs/WindowsException'{0x000000008b7c7d90}> (0x000000008b7c7d90) 
thrown [s\src\hotspot\share\prims\jni.cpp, line 535]
Event: 7446.765 Thread 0x0000020fc1066b00 Exception <a 'sun/nio/fs/WindowsException'{0x000000008b7c9320}> (0x000000008b7c9320) 
thrown [s\src\hotspot\share\prims\jni.cpp, line 535]
Event: 7446.765 Thread 0x0000020fc1066b00 Exception <a 'sun/nio/fs/WindowsException'{0x000000008b7ca8b0}> (0x000000008b7ca8b0) 
thrown [s\src\hotspot\share\prims\jni.cpp, line 535]
Event: 7447.143 Thread 0x0000020fcb831290 Exception <a 'sun/nio/fs/WindowsException'{0x000000008b18cfa8}> (0x000000008b18cfa8) 
thrown [s\src\hotspot\share\prims\jni.cpp, line 535]

ZGC Phase Switch (0 events):
No events

VM Operations (20 events):
Event: 7412.638 Executing VM operation: G1PauseRemark done
Event: 7412.911 Executing VM operation: G1PauseCleanup
Event: 7412.912 Executing VM operation: G1PauseCleanup done
Event: 7413.314 Executing VM operation: G1CollectForAllocation (G1 Evacuation Pause)
Event: 7413.331 Executing VM operation: G1CollectForAllocation (G1 Evacuation Pause) done
Event: 7414.331 Executing VM operation: Cleanup
Event: 7414.331 Executing VM operation: Cleanup done
Event: 7419.335 Executing VM operation: Cleanup
Event: 7419.335 Executing VM operation: Cleanup done
Event: 7425.339 Executing VM operation: Cleanup
Event: 7425.340 Executing VM operation: Cleanup done
Event: 7427.340 Executing VM operation: Cleanup
Event: 7427.340 Executing VM operation: Cleanup done
Event: 7444.390 Executing VM operation: Cleanup
Event: 7444.390 Executing VM operation: Cleanup done
Event: 7445.391 Executing VM operation: Cleanup
Event: 7445.391 Executing VM operation: Cleanup done
Event: 7447.392 Executing VM operation: Cleanup
Event: 7447.392 Executing VM operation: Cleanup done
Event: 7447.571 Executing VM operation: G1CollectForAllocation (G1 Evacuation Pause)

Memory protections (0 events):
No events

Nmethod flushes (20 events):
Event: 7412.634 Thread 0x0000020fbae26ef0 flushing  nmethod 0x0000020fa7d72d90
Event: 7412.634 Thread 0x0000020fbae26ef0 flushing  nmethod 0x0000020fa7d8e990
Event: 7412.634 Thread 0x0000020fbae26ef0 flushing  nmethod 0x0000020fa7db4290
Event: 7412.634 Thread 0x0000020fbae26ef0 flushing  nmethod 0x0000020fa7db5710
Event: 7412.634 Thread 0x0000020fbae26ef0 flushing  nmethod 0x0000020fa7db6390
Event: 7412.634 Thread 0x0000020fbae26ef0 flushing  nmethod 0x0000020fa7ddde90
Event: 7412.634 Thread 0x0000020fbae26ef0 flushing  nmethod 0x0000020fa7dfcd10
Event: 7412.635 Thread 0x0000020fbae26ef0 flushing  nmethod 0x0000020fa7e0a490
Event: 7412.635 Thread 0x0000020fbae26ef0 flushing  nmethod 0x0000020fa7e34d10
Event: 7412.635 Thread 0x0000020fbae26ef0 flushing  nmethod 0x0000020fa7e35b90
Event: 7412.635 Thread 0x0000020fbae26ef0 flushing  nmethod 0x0000020fa7e37510
Event: 7412.635 Thread 0x0000020fbae26ef0 flushing  nmethod 0x0000020fa7e38490
Event: 7412.635 Thread 0x0000020fbae26ef0 flushing  nmethod 0x0000020fa7e40510
Event: 7412.635 Thread 0x0000020fbae26ef0 flushing  nmethod 0x0000020fa824ac10
Event: 7412.635 Thread 0x0000020fbae26ef0 flushing  nmethod 0x0000020fa824c610
Event: 7412.635 Thread 0x0000020fbae26ef0 flushing  nmethod 0x0000020fa8253a90
Event: 7412.635 Thread 0x0000020fbae26ef0 flushing  nmethod 0x0000020fa8253f90
Event: 7412.635 Thread 0x0000020fbae26ef0 flushing  nmethod 0x0000020fa8432290
Event: 7412.635 Thread 0x0000020fbae26ef0 flushing  nmethod 0x0000020fa8466990
Event: 7412.635 Thread 0x0000020fbae26ef0 flushing  nmethod 0x0000020fa85a2710

Events (20 events):
Event: 7444.675 Thread 0x0000020fc1066b00 Thread added: 0x0000020fcb82b020
Event: 7444.689 Thread 0x0000020fc1066b00 Thread added: 0x0000020fcb826e80
Event: 7444.729 Thread 0x0000020fc1066b00 Thread added: 0x0000020fcb827ba0
Event: 7444.786 Thread 0x0000020fc1066b00 Thread added: 0x0000020fcb824090
Event: 7444.796 Thread 0x0000020fc1066b00 Thread added: 0x0000020fcb82b6b0
Event: 7444.803 Thread 0x0000020fc1066b00 Thread added: 0x0000020fcb824720
Event: 7445.922 Thread 0x0000020fc1066b00 Thread added: 0x0000020fcb8288c0
Event: 7445.922 Thread 0x0000020fc1066b00 Thread added: 0x0000020fcb82bd40
Event: 7445.922 Thread 0x0000020fc1066b00 Thread added: 0x0000020fcb824db0
Event: 7446.040 Thread 0x0000020fc1066b00 Thread added: 0x0000020fcb82c3d0
Event: 7446.040 Thread 0x0000020fc1066b00 Thread added: 0x0000020fcb82d780
Event: 7446.040 Thread 0x0000020fc1066b00 Thread added: 0x0000020fcb82ca60
Event: 7446.210 Thread 0x0000020fc1066b00 Thread added: 0x0000020fcb82d0f0
Event: 7446.336 Thread 0x0000020fc1066b00 Thread added: 0x0000020fcb82e4a0
Event: 7446.595 Thread 0x0000020fbf065600 Thread added: 0x0000020fcb3c9160
Event: 7447.020 Thread 0x0000020fc1066b00 Thread added: 0x0000020fcb831290
Event: 7447.021 Thread 0x0000020fcb831290 Thread added: 0x0000020fcb82eb30
Event: 7447.021 Thread 0x0000020fcb831290 Thread added: 0x0000020fcb830c00
Event: 7447.022 Thread 0x0000020fcb831290 Thread added: 0x0000020fcb831fb0
Event: 7447.023 Thread 0x0000020fcb82eb30 Thread added: 0x0000020fcb832640


Dynamic libraries:
0x00007ff617d70000 - 0x00007ff617d7a000 	C:\Users\Edson\AppData\Local\Programs\Android Studio\jbr\bin\java.exe
0x00007fff191b0000 - 0x00007fff193a8000 	C:\WINDOWS\SYSTEM32\ntdll.dll
0x00007fff173f0000 - 0x00007fff174b2000 	C:\WINDOWS\System32\KERNEL32.DLL
0x00007fff16c40000 - 0x00007fff16f36000 	C:\WINDOWS\System32\KERNELBASE.dll
0x00007fff13ac0000 - 0x00007fff13adb000 	C:\Users\Edson\AppData\Local\Programs\Android Studio\jbr\bin\VCRUNTIME140.dll
0x00007fff16840000 - 0x00007fff16940000 	C:\WINDOWS\System32\ucrtbase.dll
0x00007ffef55a0000 - 0x00007ffef55b8000 	C:\Users\Edson\AppData\Local\Programs\Android Studio\jbr\bin\jli.dll
0x00007fff174c0000 - 0x00007fff1765d000 	C:\WINDOWS\System32\USER32.dll
0x00007fff16a20000 - 0x00007fff16a42000 	C:\WINDOWS\System32\win32u.dll
0x00007fff186e0000 - 0x00007fff1870b000 	C:\WINDOWS\System32\GDI32.dll
0x00007fff16f40000 - 0x00007fff1705a000 	C:\WINDOWS\System32\gdi32full.dll
0x00007fff17130000 - 0x00007fff171cd000 	C:\WINDOWS\System32\msvcp_win.dll
0x00007fff0a070000 - 0x00007fff0a30a000 	C:\WINDOWS\WinSxS\amd64_microsoft.windows.common-controls_6595b64144ccf1df_6.0.19041.4355_none_60b8b9eb71f62e16\COMCTL32.dll
0x00007fff18370000 - 0x00007fff1840e000 	C:\WINDOWS\System32\msvcrt.dll
0x00007fff171d0000 - 0x00007fff171ff000 	C:\WINDOWS\System32\IMM32.DLL
0x00007fff13e90000 - 0x00007fff13e9c000 	C:\Users\Edson\AppData\Local\Programs\Android Studio\jbr\bin\vcruntime140_1.dll
0x00007ffef5510000 - 0x00007ffef559d000 	C:\Users\Edson\AppData\Local\Programs\Android Studio\jbr\bin\msvcp140.dll
0x00007ffeca590000 - 0x00007ffecb21a000 	C:\Users\Edson\AppData\Local\Programs\Android Studio\jbr\bin\server\jvm.dll
0x00007fff18630000 - 0x00007fff186df000 	C:\WINDOWS\System32\ADVAPI32.dll
0x00007fff18be0000 - 0x00007fff18c7f000 	C:\WINDOWS\System32\sechost.dll
0x00007fff172c0000 - 0x00007fff173e3000 	C:\WINDOWS\System32\RPCRT4.dll
0x00007fff16940000 - 0x00007fff16967000 	C:\WINDOWS\System32\bcrypt.dll
0x00007fff18c80000 - 0x00007fff18ceb000 	C:\WINDOWS\System32\WS2_32.dll
0x00007fff15d90000 - 0x00007fff15ddb000 	C:\WINDOWS\SYSTEM32\POWRPROF.dll
0x00007fff0a680000 - 0x00007fff0a68a000 	C:\WINDOWS\SYSTEM32\VERSION.dll
0x00007fff0aa20000 - 0x00007fff0aa47000 	C:\WINDOWS\SYSTEM32\WINMM.dll
0x00007fff15c00000 - 0x00007fff15c12000 	C:\WINDOWS\SYSTEM32\UMPDC.dll
0x00007fff145a0000 - 0x00007fff145b2000 	C:\WINDOWS\SYSTEM32\kernel.appcore.dll
0x00007fff13ab0000 - 0x00007fff13aba000 	C:\Users\Edson\AppData\Local\Programs\Android Studio\jbr\bin\jimage.dll
0x00007fff06610000 - 0x00007fff067f4000 	C:\WINDOWS\SYSTEM32\DBGHELP.DLL
0x00007fff062b0000 - 0x00007fff062e4000 	C:\WINDOWS\SYSTEM32\dbgcore.DLL
0x00007fff16a50000 - 0x00007fff16ad2000 	C:\WINDOWS\System32\bcryptPrimitives.dll
0x00007ffefec30000 - 0x00007ffefec3e000 	C:\Users\Edson\AppData\Local\Programs\Android Studio\jbr\bin\instrument.dll
0x00007fff13a70000 - 0x00007fff13a90000 	C:\Users\Edson\AppData\Local\Programs\Android Studio\jbr\bin\java.dll
0x00007fff136e0000 - 0x00007fff136f8000 	C:\Users\Edson\AppData\Local\Programs\Android Studio\jbr\bin\zip.dll
0x00007fff17a90000 - 0x00007fff181ff000 	C:\WINDOWS\System32\SHELL32.dll
0x00007fff14880000 - 0x00007fff15023000 	C:\WINDOWS\SYSTEM32\windows.storage.dll
0x00007fff17730000 - 0x00007fff17a85000 	C:\WINDOWS\System32\combase.dll
0x00007fff16190000 - 0x00007fff161bb000 	C:\WINDOWS\SYSTEM32\Wldp.dll
0x00007fff17660000 - 0x00007fff1772d000 	C:\WINDOWS\System32\OLEAUT32.dll
0x00007fff17210000 - 0x00007fff172bd000 	C:\WINDOWS\System32\SHCORE.dll
0x00007fff18410000 - 0x00007fff18465000 	C:\WINDOWS\System32\shlwapi.dll
0x00007fff16770000 - 0x00007fff16795000 	C:\WINDOWS\SYSTEM32\profapi.dll
0x00007fff13680000 - 0x00007fff13690000 	C:\Users\Edson\AppData\Local\Programs\Android Studio\jbr\bin\net.dll
0x00007fff10e50000 - 0x00007fff10f5a000 	C:\WINDOWS\SYSTEM32\WINHTTP.dll
0x00007fff15f70000 - 0x00007fff15fdc000 	C:\WINDOWS\system32\mswsock.dll
0x00007fff12ff0000 - 0x00007fff13006000 	C:\Users\Edson\AppData\Local\Programs\Android Studio\jbr\bin\nio.dll
0x00007fff12190000 - 0x00007fff121a0000 	C:\Users\Edson\AppData\Local\Programs\Android Studio\jbr\bin\verify.dll
0x00007ffef3240000 - 0x00007ffef3267000 	C:\Users\Edson\.gradle\native\c067742578af261105cb4f569cf0c3c89f3d7b1fecec35dd04571415982c5e48\windows-amd64\native-platform.dll
0x00007ffeb7b90000 - 0x00007ffeb7cd4000 	C:\Users\Edson\.gradle\native\100fb08df4bc3b14c8652ba06237920a3bd2aa13389f12d3474272988ae205f9\windows-amd64\native-platform-file-events.dll
0x00007fff130f0000 - 0x00007fff130f9000 	C:\Users\Edson\AppData\Local\Programs\Android Studio\jbr\bin\management.dll
0x00007fff12e00000 - 0x00007fff12e0b000 	C:\Users\Edson\AppData\Local\Programs\Android Studio\jbr\bin\management_ext.dll
0x00007fff18bd0000 - 0x00007fff18bd8000 	C:\WINDOWS\System32\PSAPI.DLL
0x00007fff164e0000 - 0x00007fff164f8000 	C:\WINDOWS\SYSTEM32\CRYPTSP.dll
0x00007fff15840000 - 0x00007fff15878000 	C:\WINDOWS\system32\rsaenh.dll
0x00007fff166f0000 - 0x00007fff1671e000 	C:\WINDOWS\SYSTEM32\USERENV.dll
0x00007fff16100000 - 0x00007fff1610c000 	C:\WINDOWS\SYSTEM32\CRYPTBASE.dll
0x00007fff15c20000 - 0x00007fff15c5b000 	C:\WINDOWS\SYSTEM32\IPHLPAPI.DLL
0x00007fff17200000 - 0x00007fff17208000 	C:\WINDOWS\System32\NSI.dll
0x00007fff13670000 - 0x00007fff13679000 	C:\Users\Edson\AppData\Local\Programs\Android Studio\jbr\bin\extnet.dll
0x00007ffef2e00000 - 0x00007ffef2e07000 	C:\WINDOWS\system32\wshunix.dll
0x00007fff032d0000 - 0x00007fff032e7000 	C:\WINDOWS\system32\napinsp.dll
0x00007fff032b0000 - 0x00007fff032cb000 	C:\WINDOWS\system32\pnrpnsp.dll
0x00007fff113e0000 - 0x00007fff113fd000 	C:\WINDOWS\system32\NLAapi.dll
0x00007fff03290000 - 0x00007fff032a5000 	C:\WINDOWS\system32\wshbth.dll
0x00007fff15c60000 - 0x00007fff15d2a000 	C:\WINDOWS\SYSTEM32\DNSAPI.dll
0x00007fff02e50000 - 0x00007fff02e62000 	C:\WINDOWS\System32\winrnr.dll
0x00007fff093c0000 - 0x00007fff093ca000 	C:\Windows\System32\rasadhlp.dll
0x00007fff0a8d0000 - 0x00007fff0a950000 	C:\WINDOWS\System32\fwpuclnt.dll
0x00007fff0fdd0000 - 0x00007fff0fdee000 	C:\Users\Edson\AppData\Local\Temp\native-platform16731781322709529354dir\native-platform.dll
0x00007fff13e60000 - 0x00007fff13e67000 	C:\Users\Edson\AppData\Local\Programs\Android Studio\jbr\bin\rmi.dll

dbghelp: loaded successfully - version: 4.0.5 - missing functions: none
symbol engine: initialized successfully - sym options: 0x614 - pdb path: .;C:\Users\Edson\AppData\Local\Programs\Android Studio\jbr\bin;C:\WINDOWS\SYSTEM32;C:\WINDOWS\WinSxS\amd64_microsoft.windows.common-controls_6595b64144ccf1df_6.0.19041.4355_none_60b8b9eb71f62e16;C:\Users\Edson\AppData\Local\Programs\Android Studio\jbr\bin\server;C:\Users\Edson\.gradle\native\c067742578af261105cb4f569cf0c3c89f3d7b1fecec35dd04571415982c5e48\windows-amd64;C:\Users\Edson\.gradle\native\100fb08df4bc3b14c8652ba06237920a3bd2aa13389f12d3474272988ae205f9\windows-amd64;C:\Users\Edson\AppData\Local\Temp\native-platform16731781322709529354dir

VM Arguments:
jvm_args: --add-opens=java.base/java.util=ALL-UNNAMED --add-opens=java.base/java.lang=ALL-UNNAMED --add-opens=java.base/java.lang.invoke=ALL-UNNAMED --add-opens=java.prefs/java.util.prefs=ALL-UNNAMED --add-exports=jdk.compiler/com.sun.tools.javac.api=ALL-UNNAMED --add-exports=jdk.compiler/com.sun.tools.javac.util=ALL-UNNAMED --add-opens=java.base/java.nio.charset=ALL-UNNAMED --add-opens=java.base/java.net=ALL-UNNAMED --add-opens=java.base/java.util.concurrent.atomic=ALL-UNNAMED -Xmx2048m -Dfile.encoding=UTF-8 -Duser.country=BR -Duser.language=pt -Duser.variant -javaagent:C:\Users\Edson\.gradle\wrapper\dists\gradle-8.10.2-bin\a04bxjujx95o3nb99gddekhwo\gradle-8.10.2\lib\agents\gradle-instrumentation-agent-8.10.2.jar 
java_command: org.gradle.launcher.daemon.bootstrap.GradleDaemon 8.10.2
java_class_path (initial): C:\Users\Edson\.gradle\wrapper\dists\gradle-8.10.2-bin\a04bxjujx95o3nb99gddekhwo\gradle-8.10.2\lib\gradle-daemon-main-8.10.2.jar
Launcher Type: SUN_STANDARD

[Global flags]
     intx CICompilerCount                          = 3                                         {product} {ergonomic}
     uint ConcGCThreads                            = 1                                         {product} {ergonomic}
     uint G1ConcRefinementThreads                  = 4                                         {product} {ergonomic}
   size_t G1HeapRegionSize                         = 1048576                                   {product} {ergonomic}
    uintx GCDrainStackTargetSize                   = 64                                        {product} {ergonomic}
   size_t InitialHeapSize                          = 134217728                                 {product} {ergonomic}
   size_t MarkStackSize                            = 4194304                                   {product} {ergonomic}
   size_t MaxHeapSize                              = 2147483648                                {product} {command line}
   size_t MaxNewSize                               = 1287651328                                {product} {ergonomic}
   size_t MinHeapDeltaBytes                        = 1048576                                   {product} {ergonomic}
   size_t MinHeapSize                              = 8388608                                   {product} {ergonomic}
    uintx NonNMethodCodeHeapSize                   = 5832780                                {pd product} {ergonomic}
    uintx NonProfiledCodeHeapSize                  = 122912730                              {pd product} {ergonomic}
    uintx ProfiledCodeHeapSize                     = 122912730                              {pd product} {ergonomic}
    uintx ReservedCodeCacheSize                    = 251658240                              {pd product} {ergonomic}
     bool SegmentedCodeCache                       = true                                      {product} {ergonomic}
   size_t SoftMaxHeapSize                          = 2147483648                             {manageable} {ergonomic}
     bool UseCompressedOops                        = true                           {product lp64_product} {ergonomic}
     bool UseG1GC                                  = true                                      {product} {ergonomic}
     bool UseLargePagesIndividualAllocation        = false                                  {pd product} {ergonomic}

Logging:
Log output configuration:
 #0: stdout all=warning uptime,level,tags foldmultilines=false
 #1: stderr all=off uptime,level,tags foldmultilines=false

Environment Variables:
PATH=C:\Program Files\Common Files\Oracle\Java\javapath;C:\Program Files (x86)\Common Files\Oracle\Java\javapath;C:\WINDOWS\system32;C:\WINDOWS;C:\WINDOWS\System32\Wbem;C:\WINDOWS\System32\WindowsPowerShell\v1.0\;C:\WINDOWS\System32\OpenSSH\;C:\Program Files\dotnet\;C:\Program Files\Git\cmd;C:\Program Files\Docker\Docker\resources\bin;C:\Program Files\nodejs\;C:\Program Files\Microsoft SQL Server\150\Tools\Binn\;C:\Program Files\Microsoft SQL Server\Client SDK\ODBC\170\Tools\Binn\;C:\Program Files (x86)\Microsoft SQL Server\160\Tools\Binn\;C:\Program Files\Microsoft SQL Server\160\Tools\Binn\;C:\Program Files\Microsoft SQL Server\160\DTS\Binn\;C:\Program Files\MySQL\MySQL Shell 8.0\bin\;C:\Users\Edson\AppData\Local\Microsoft\WindowsApps;C:\Users\Edson\AppData\Local\JetBrains\Toolbox\scripts;C:\Users\Edson\AppData\Local\Programs\Microsoft VS Code\bin;C:\Users\Edson\AppData\Roaming\npm;C:\Users\Edson\.dotnet\tools
USERNAME=Edson
OS=Windows_NT
PROCESSOR_IDENTIFIER=Intel64 Family 6 Model 69 Stepping 1, GenuineIntel
TMP=C:\Users\Edson\AppData\Local\Temp
TEMP=C:\Users\Edson\AppData\Local\Temp




Periodic native trim disabled

JNI global refs:
JNI global refs: 28, weak refs: 1

JNI global refs memory usage: 835, weak refs: 833

Process memory usage:
Resident Set Size: 501172K (6% of 8291684K total physical memory with 822180K free physical memory)

OOME stack traces (most recent first):
Classloader memory used:
Loader org.gradle.internal.classloader.VisitableURLClassLoader                         : 45553K
Loader org.gradle.internal.classloader.VisitableURLClassLoader$InstrumentingVisitableURLClassLoader: 30560K
Loader bootstrap                                                                       : 29074K
Loader org.gradle.initialization.MixInLegacyTypesClassLoader                           : 12511K
Loader jdk.internal.reflect.DelegatingClassLoader                                      : 686K
Loader jdk.internal.loader.ClassLoaders$PlatformClassLoader                            : 540K
Loader jdk.internal.loader.ClassLoaders$AppClassLoader                                 : 234K
Loader org.gradle.internal.classloader.VisitableURLClassLoader                         : 231K
Loader sun.reflect.misc.MethodUtil                                                     : 2992B

Classes loaded by more than one classloader:
Class Program                                                                         : loaded 5 times (x 68B)
Class Build_gradle                                                                    : loaded 3 times (x 126B)
Class Build_gradle$1                                                                  : loaded 3 times (x 70B)
Class org.gradle.internal.classloader.FilteringClassLoader                            : loaded 2 times (x 101B)
Class net.rubygrapefruit.platform.internal.Platform$FreeBSD64Bit                      : loaded 2 times (x 78B)
Class [Lcom.google.common.base.AbstractIterator$State;                                : loaded 2 times (x 65B)
Class com.google.common.base.CharMatcher$IsEither                                     : loaded 2 times (x 107B)
Class org.gradle.internal.classloader.ClassLoaderHierarchy                            : loaded 2 times (x 66B)
Class net.rubygrapefruit.platform.internal.Platform$FreeBSD                           : loaded 2 times (x 78B)
Class com.google.common.collect.ImmutableEnumSet                                      : loaded 2 times (x 142B)
Class com.google.common.util.concurrent.ExecutionError                                : loaded 2 times (x 78B)
Class com.google.common.collect.ImmutableList$1                                       : loaded 2 times (x 93B)
Class org.gradle.api.internal.classpath.ManifestUtil                                  : loaded 2 times (x 67B)
Class net.rubygrapefruit.platform.NativeException                                     : loaded 2 times (x 78B)
Class com.google.common.collect.RegularImmutableMap                                   : loaded 2 times (x 117B)
Class com.google.common.collect.ImmutableMap$MapViewOfValuesAsSingletonSets           : loaded 2 times (x 121B)
Class com.google.common.reflect.TypeCapture                                           : loaded 2 times (x 67B)
Class [Lorg.objectweb.asm.Symbol;                                                     : loaded 2 times (x 65B)
Class org.objectweb.asm.ClassVisitor                                                  : loaded 2 times (x 84B)
Class com.google.common.collect.UnmodifiableListIterator                              : loaded 2 times (x 91B)
Class com.google.common.base.Platform$JdkPatternCompiler                              : loaded 2 times (x 71B)
Class org.objectweb.asm.MethodTooLargeException                                       : loaded 2 times (x 79B)
Class [Lcom.google.common.cache.CacheBuilder$OneWeigher;                              : loaded 2 times (x 65B)
Class com.google.common.base.Suppliers                                                : loaded 2 times (x 67B)
Class org.gradle.internal.classloader.DefaultClassLoaderFactory                       : loaded 2 times (x 78B)
Class com.google.common.base.CharMatcher$None                                         : loaded 2 times (x 108B)
Class org.gradle.internal.classloader.ClassLoaderVisitor                              : loaded 2 times (x 72B)
Class net.rubygrapefruit.platform.NativeIntegrationUnavailableException               : loaded 2 times (x 78B)
Class net.rubygrapefruit.platform.internal.Platform                                   : loaded 2 times (x 75B)
Class [Lcom.google.common.collect.ImmutableMapEntry;                                  : loaded 2 times (x 65B)
Class org.gradle.api.internal.classpath.EffectiveClassPath                            : loaded 2 times (x 86B)
Class com.google.common.collect.ImmutableRangeSet                                     : loaded 2 times (x 111B)
Class com.google.common.collect.ImmutableEnumMap                                      : loaded 2 times (x 121B)
Class com.google.common.collect.ListMultimap                                          : loaded 2 times (x 66B)
Class com.google.common.collect.ImmutableSet$SerializedForm                           : loaded 2 times (x 69B)
Class com.google.common.collect.Sets$1                                                : loaded 2 times (x 135B)
Class org.objectweb.asm.AnnotationVisitor                                             : loaded 2 times (x 74B)
Class com.google.common.base.Splitter                                                 : loaded 2 times (x 68B)
Class org.gradle.api.internal.DefaultClassPathProvider                                : loaded 2 times (x 72B)
Class com.google.common.collect.Sets$2                                                : loaded 2 times (x 135B)
Class [Lorg.gradle.api.internal.ClassPathProvider;                                    : loaded 2 times (x 65B)
Class org.gradle.api.internal.ClassPathProvider                                       : loaded 2 times (x 66B)
Class com.google.common.reflect.Types$ClassOwnership$1                                : loaded 2 times (x 76B)
Class [Lorg.objectweb.asm.AnnotationVisitor;                                          : loaded 2 times (x 65B)
Class com.google.common.collect.Sets$3                                                : loaded 2 times (x 135B)
Class com.google.common.util.concurrent.AbstractFuture$SafeAtomicHelper               : loaded 2 times (x 75B)
Class com.google.common.cache.LocalCache$LocalLoadingCache                            : loaded 2 times (x 130B)
Class com.google.common.base.AbstractIterator$State                                   : loaded 2 times (x 75B)
Class org.gradle.internal.service.UnknownServiceException                             : loaded 2 times (x 79B)
Class com.google.common.reflect.Types$ClassOwnership$2                                : loaded 2 times (x 76B)
Class com.google.common.reflect.TypeResolver                                          : loaded 2 times (x 68B)
Class com.google.common.collect.Sets$4                                                : loaded 2 times (x 135B)
Class org.objectweb.asm.ModuleVisitor                                                 : loaded 2 times (x 77B)
Class com.google.common.cache.LocalCache$Strength$1                                   : loaded 2 times (x 77B)
Class net.rubygrapefruit.platform.internal.Platform$MacOs64Bit                        : loaded 2 times (x 78B)
Class com.google.common.reflect.Types$ClassOwnership$3                                : loaded 2 times (x 67B)
Class com.google.common.util.concurrent.SettableFuture                                : loaded 2 times (x 110B)
Class com.google.common.cache.LocalCache$Strength$2                                   : loaded 2 times (x 77B)
Class net.rubygrapefruit.platform.internal.Platform$Posix                             : loaded 2 times (x 77B)
Class com.google.common.cache.LocalCache$Strength$3                                   : loaded 2 times (x 77B)
Class com.google.common.collect.MapDifference                                         : loaded 2 times (x 66B)
Class com.google.common.base.Splitter$1                                               : loaded 2 times (x 73B)
Class com.google.common.reflect.Invokable                                             : loaded 2 times (x 99B)
Class org.objectweb.asm.FieldWriter                                                   : loaded 2 times (x 74B)
Class com.google.common.cache.CacheBuilder$NullListener                               : loaded 2 times (x 78B)
Class org.gradle.internal.classpath.TransformedClassPath                              : loaded 2 times (x 92B)
Class org.gradle.internal.classloader.InstrumentingClassLoader                        : loaded 2 times (x 66B)
Class com.google.common.reflect.Types$ParameterizedTypeImpl                           : loaded 2 times (x 77B)
Class com.google.common.collect.ImmutableRangeSet$AsSet                               : loaded 2 times (x 295B)
Class com.google.common.cache.CacheLoader$FunctionToCacheLoader                       : loaded 2 times (x 71B)
Class com.google.common.collect.Iterators$ArrayItr                                    : loaded 2 times (x 93B)
Class com.google.common.collect.ImmutableCollection$Builder                           : loaded 2 times (x 72B)
Class com.google.common.reflect.TypeResolver$TypeVariableKey                          : loaded 2 times (x 68B)
Class com.google.common.base.Joiner                                                   : loaded 2 times (x 75B)
Class com.google.common.base.MoreObjects                                              : loaded 2 times (x 67B)
Class [Lorg.objectweb.asm.Type;                                                       : loaded 2 times (x 65B)
Class com.google.common.collect.Platform                                              : loaded 2 times (x 67B)
Class com.google.common.collect.UnmodifiableIterator                                  : loaded 2 times (x 76B)
Class org.gradle.internal.service.ServiceLocator                                      : loaded 2 times (x 66B)
Class com.google.common.base.Ascii                                                    : loaded 2 times (x 67B)
Class com.google.common.collect.SingletonImmutableBiMap                               : loaded 2 times (x 139B)
Class com.google.common.cache.LocalCache$1                                            : loaded 2 times (x 85B)
Class com.google.common.collect.AbstractMapEntry                                      : loaded 2 times (x 77B)
Class com.google.common.reflect.TypeToken$SimpleTypeToken                             : loaded 2 times (x 69B)
Class com.google.common.collect.Sets$ImprovedAbstractSet                              : loaded 2 times (x 131B)
Class com.google.common.collect.ImmutableList$Builder                                 : loaded 2 times (x 73B)
Class com.google.common.cache.LocalCache$2                                            : loaded 2 times (x 138B)
Class com.google.common.collect.AbstractMultimap                                      : loaded 2 times (x 119B)
Class com.google.common.collect.ImmutableRangeSet$1                                   : loaded 2 times (x 205B)
Class com.google.common.util.concurrent.AbstractFuture$UnsafeAtomicHelper$1           : loaded 2 times (x 72B)
Class com.google.common.collect.RegularImmutableAsList                                : loaded 2 times (x 212B)
Class com.google.common.collect.Range                                                 : loaded 2 times (x 83B)
Class com.google.common.util.concurrent.AbstractFuture$Trusted                        : loaded 2 times (x 66B)
Class com.google.common.collect.Iterators                                             : loaded 2 times (x 67B)
Class com.google.common.base.CharMatcher$RangesMatcher                                : loaded 2 times (x 108B)
Class net.rubygrapefruit.platform.internal.Platform$Linux32Bit                        : loaded 2 times (x 79B)
Class com.google.common.util.concurrent.UncheckedExecutionException                   : loaded 2 times (x 78B)
Class com.google.common.collect.Lists$StringAsImmutableList                           : loaded 2 times (x 203B)
Class org.gradle.kotlin.dsl.VersionCatalogAccessorsKt                                 : loaded 2 times (x 67B)
Class net.rubygrapefruit.platform.Native                                              : loaded 2 times (x 67B)
Class net.rubygrapefruit.platform.NativeIntegration                                   : loaded 2 times (x 66B)
Class com.google.common.collect.ImmutableSortedSetFauxverideShim                      : loaded 2 times (x 143B)
Class com.google.common.base.CharMatcher$JavaLetterOrDigit                            : loaded 2 times (x 107B)
Class org.gradle.internal.InternalTransformer                                         : loaded 2 times (x 66B)
Class [Lnet.rubygrapefruit.platform.internal.FunctionResult$Failure;                  : loaded 2 times (x 65B)
Class com.google.common.collect.AbstractMapBasedMultimap$KeySet$1                     : loaded 2 times (x 78B)
Class org.objectweb.asm.ClassWriter                                                   : loaded 2 times (x 102B)
Class com.google.common.cache.CacheLoader$UnsupportedLoadingOperationException        : loaded 2 times (x 78B)
Class com.google.common.base.CharMatcher$And                                          : loaded 2 times (x 108B)
Class org.gradle.internal.classloader.ClasspathUtil$1                                 : loaded 2 times (x 72B)
Class org.objectweb.asm.FieldVisitor                                                  : loaded 2 times (x 73B)
Class com.google.common.collect.IndexedImmutableSet                                   : loaded 2 times (x 146B)
Class com.google.common.collect.ImmutableMap$1                                        : loaded 2 times (x 77B)
Class com.google.common.collect.BiMap                                                 : loaded 2 times (x 66B)
Class org.gradle.api.internal.classpath.DefaultModuleRegistry$DefaultModule           : loaded 2 times (x 82B)
Class com.google.common.reflect.Reflection                                            : loaded 2 times (x 67B)
Class com.google.common.primitives.Ints                                               : loaded 2 times (x 67B)
Class com.google.common.collect.AbstractIterator                                      : loaded 2 times (x 78B)
Class com.google.common.math.MathPreconditions                                        : loaded 2 times (x 67B)
Class com.google.common.collect.RegularImmutableMap$KeySet                            : loaded 2 times (x 146B)
Class com.google.common.collect.ArrayListMultimapGwtSerializationDependencies         : loaded 2 times (x 168B)
Class com.google.common.collect.ObjectArrays                                          : loaded 2 times (x 67B)
Class com.google.common.collect.AbstractIndexedListIterator                           : loaded 2 times (x 92B)
Class com.google.common.collect.ImmutableMapEntrySet                                  : loaded 2 times (x 147B)
Class org.gradle.api.internal.classpath.Module                                        : loaded 2 times (x 66B)
Class com.google.common.cache.Weigher                                                 : loaded 2 times (x 66B)
Class org.gradle.api.internal.classpath.UnknownModuleException                        : loaded 2 times (x 78B)
Class com.google.common.base.Stopwatch                                                : loaded 2 times (x 68B)
Class com.google.common.cache.LocalCache$Strength                                     : loaded 2 times (x 77B)
Class com.google.common.cache.Cache                                                   : loaded 2 times (x 66B)
Class com.google.common.util.concurrent.AbstractFuture$Cancellation                   : loaded 2 times (x 68B)
Class com.google.common.collect.ImmutableMap$Builder                                  : loaded 2 times (x 78B)
Class com.google.common.base.NullnessCasts                                            : loaded 2 times (x 67B)
Class net.rubygrapefruit.platform.internal.FunctionResult                             : loaded 2 times (x 73B)
Class com.google.common.cache.RemovalListener                                         : loaded 2 times (x 66B)
Class org.gradle.api.internal.DefaultClassPathRegistry                                : loaded 2 times (x 72B)
Class net.rubygrapefruit.platform.NativeIntegrationLinkageException                   : loaded 2 times (x 78B)
Class com.google.common.reflect.Invokable$ConstructorInvokable                        : loaded 2 times (x 103B)
Class com.google.common.primitives.IntsMethodsForWeb                                  : loaded 2 times (x 67B)
Class com.google.common.collect.Multimap                                              : loaded 2 times (x 66B)
Class org.gradle.api.internal.ClassPathRegistry                                       : loaded 2 times (x 66B)
Class org.gradle.internal.classpath.DefaultClassPath$ImmutableUniqueList              : loaded 2 times (x 195B)
Class com.google.common.reflect.TypeToken                                             : loaded 2 times (x 69B)
Class com.google.common.base.Equivalence$Identity                                     : loaded 2 times (x 78B)
Class net.rubygrapefruit.platform.internal.jni.NativeLibraryFunctions                 : loaded 2 times (x 67B)
Class com.google.common.cache.CacheBuilder                                            : loaded 2 times (x 68B)
Class com.google.common.collect.SingletonImmutableList                                : loaded 2 times (x 203B)
Class Settings_gradle$1                                                               : loaded 2 times (x 70B)
Class org.gradle.internal.classpath.ClassPath                                         : loaded 2 times (x 66B)
Class org.gradle.api.UncheckedIOException                                             : loaded 2 times (x 78B)
Class [Lcom.google.common.reflect.Types$JavaVersion;                                  : loaded 2 times (x 65B)
Class com.google.common.collect.ImmutableList$ReverseImmutableList                    : loaded 2 times (x 204B)
Class com.google.common.base.JdkPattern                                               : loaded 2 times (x 71B)
Class net.rubygrapefruit.platform.internal.Platform$Windows                           : loaded 2 times (x 75B)
Class org.objectweb.asm.SymbolTable$Entry                                             : loaded 2 times (x 70B)
Class com.google.common.util.concurrent.AbstractFuture$AtomicHelper                   : loaded 2 times (x 74B)
Class org.objectweb.asm.Edge                                                          : loaded 2 times (x 68B)
Class com.google.common.base.Suppliers$SupplierOfInstance                             : loaded 2 times (x 75B)
Class com.google.common.collect.Iterators$1                                           : loaded 2 times (x 77B)
Class com.google.common.reflect.TypeToken$1                                           : loaded 2 times (x 106B)
Class com.google.common.cache.LocalCache$ComputingValueReference                      : loaded 2 times (x 92B)
Class com.google.common.collect.SingletonImmutableSet                                 : loaded 2 times (x 142B)
Class com.google.common.collect.ImmutableMap$IteratorBasedImmutableMap                : loaded 2 times (x 121B)
Class com.google.common.reflect.TypeToken$2                                           : loaded 2 times (x 106B)
Class com.google.common.cache.LocalCache$Segment                                      : loaded 2 times (x 150B)
Class net.rubygrapefruit.platform.internal.LibraryDef                                 : loaded 2 times (x 68B)
Class com.google.common.collect.SortedIterable                                        : loaded 2 times (x 66B)
Class [Lorg.objectweb.asm.SymbolTable$Entry;                                          : loaded 2 times (x 65B)
Class com.google.common.cache.CacheLoader                                             : loaded 2 times (x 70B)
Class com.google.common.collect.Iterators$4                                           : loaded 2 times (x 78B)
Class com.google.common.collect.ImmutableBiMap                                        : loaded 2 times (x 139B)
Class com.google.common.collect.AbstractListMultimap                                  : loaded 2 times (x 168B)
Class org.gradle.internal.installation.GradleInstallation$1                           : loaded 2 times (x 71B)
Class org.gradle.api.internal.classpath.ModuleRegistry                                : loaded 2 times (x 66B)
Class com.google.common.util.concurrent.internal.InternalFutureFailureAccess          : loaded 2 times (x 68B)
Class com.google.common.collect.Iterators$5                                           : loaded 2 times (x 78B)
Class com.google.common.collect.ImmutableSet$JdkBackedSetBuilderImpl                  : loaded 2 times (x 72B)
Class com.google.common.base.Splitter$SplittingIterator                               : loaded 2 times (x 80B)
Class com.google.common.util.concurrent.AbstractFuture$UnsafeAtomicHelper             : loaded 2 times (x 74B)
Class com.google.common.cache.LocalCache$LocalManualCache$1                           : loaded 2 times (x 71B)
Class com.google.common.base.CharMatcher$ForPredicate                                 : loaded 2 times (x 108B)
Class net.rubygrapefruit.platform.internal.Platform$Window32Bit                       : loaded 2 times (x 75B)
Class com.google.common.collect.ImmutableCollection                                   : loaded 2 times (x 121B)
Class com.google.common.base.CharMatcher$AnyOf                                        : loaded 2 times (x 108B)
Class org.gradle.api.internal.classpath.DefaultModuleRegistry                         : loaded 2 times (x 82B)
Class com.google.common.util.concurrent.ListenableFuture                              : loaded 2 times (x 66B)
Class com.google.common.cache.ReferenceEntry                                          : loaded 2 times (x 66B)
Class com.google.common.collect.ImmutableSet$CachingAsList                            : loaded 2 times (x 143B)
Class com.google.common.base.Converter                                                : loaded 2 times (x 86B)
Class com.google.common.collect.Lists                                                 : loaded 2 times (x 67B)
Class com.google.common.base.CharMatcher$Any                                          : loaded 2 times (x 108B)
Class com.google.common.util.concurrent.AbstractFuture                                : loaded 2 times (x 102B)
Class com.google.common.base.FunctionalEquivalence                                    : loaded 2 times (x 79B)
Class com.google.common.collect.Iterators$9                                           : loaded 2 times (x 77B)
Class com.google.common.collect.AbstractMapBasedMultimap                              : loaded 2 times (x 135B)
Class com.google.common.collect.ImmutableAsList                                       : loaded 2 times (x 205B)
Class com.google.common.reflect.TypeResolver$TypeTable                                : loaded 2 times (x 69B)
Class org.objectweb.asm.RecordComponentVisitor                                        : loaded 2 times (x 73B)
Class com.google.common.cache.CacheLoader$SupplierToCacheLoader                       : loaded 2 times (x 71B)
Class com.google.common.reflect.TypeResolver$TypeTable$1                              : loaded 2 times (x 69B)
Class com.google.common.collect.Maps$EntryTransformer                                 : loaded 2 times (x 66B)
Class org.gradle.internal.service.ServiceLookupException                              : loaded 2 times (x 78B)
Class com.google.common.collect.ImmutableSortedSet                                    : loaded 2 times (x 295B)
Class [Lcom.google.common.cache.LocalCache$EntryFactory;                              : loaded 2 times (x 65B)
Class com.google.common.base.CharMatcher$JavaLetter                                   : loaded 2 times (x 107B)
Class org.gradle.internal.classloader.ClassLoaderFactory                              : loaded 2 times (x 66B)
Class net.rubygrapefruit.platform.internal.Platform$Linux                             : loaded 2 times (x 79B)
Class com.google.common.cache.LocalCache$LocalManualCache                             : loaded 2 times (x 95B)
Class com.google.common.base.CharMatcher$IsNot                                        : loaded 2 times (x 107B)
Class com.google.common.base.CommonPattern                                            : loaded 2 times (x 70B)
Class org.gradle.internal.service.CachingServiceLocator                               : loaded 2 times (x 78B)
Class com.google.common.collect.AbstractMapBasedMultimap$KeySet                       : loaded 2 times (x 133B)
Class com.google.common.collect.RegularImmutableSortedSet                             : loaded 2 times (x 295B)
Class com.google.common.math.IntMath                                                  : loaded 2 times (x 67B)
Class com.google.common.reflect.Types$TypeVariableInvocationHandler                   : loaded 2 times (x 71B)
Class com.google.common.collect.Iterators$10                                          : loaded 2 times (x 77B)
Class com.google.common.collect.ImmutableMapEntry                                     : loaded 2 times (x 81B)
Class com.google.common.base.CharMatcher$JavaDigit                                    : loaded 2 times (x 107B)
Class com.google.common.base.Equivalence                                              : loaded 2 times (x 78B)
Class com.google.common.collect.ImmutableMapEntry$NonTerminalImmutableMapEntry        : loaded 2 times (x 81B)
Class com.google.common.base.Function                                                 : loaded 2 times (x 66B)
Class com.google.common.cache.CacheBuilder$OneWeigher                                 : loaded 2 times (x 78B)
Class com.google.common.collect.RegularImmutableList                                  : loaded 2 times (x 208B)
Class net.rubygrapefruit.platform.internal.Platform$Unsupported                       : loaded 2 times (x 75B)
Class net.rubygrapefruit.platform.internal.Platform$FreeBSD32Bit                      : loaded 2 times (x 78B)
Class com.google.common.reflect.Types$ClassOwnership$1LocalClass                      : loaded 2 times (x 67B)
Class com.google.common.collect.ImmutableBiMapFauxverideShim                          : loaded 2 times (x 116B)
Class org.gradle.internal.classloader.ClasspathUtil                                   : loaded 2 times (x 67B)
Class net.rubygrapefruit.platform.internal.Platform$Unix                              : loaded 2 times (x 78B)
Class com.google.common.base.Charsets                                                 : loaded 2 times (x 67B)
Class com.google.common.util.concurrent.Uninterruptibles                              : loaded 2 times (x 67B)
Class com.google.common.collect.Maps                                                  : loaded 2 times (x 67B)
Class com.google.common.base.CharMatcher$JavaUpperCase                                : loaded 2 times (x 107B)
Class org.gradle.api.specs.Spec                                                       : loaded 2 times (x 66B)
Class com.google.common.reflect.Types$JavaVersion                                     : loaded 2 times (x 79B)
Class [Lcom.google.common.collect.ImmutableEntry;                                     : loaded 2 times (x 65B)
Class com.google.common.cache.LocalCache$LoadingValueReference                        : loaded 2 times (x 92B)
Class com.google.common.collect.Multiset                                              : loaded 2 times (x 66B)
Class com.google.common.reflect.Invokable$MethodInvokable                             : loaded 2 times (x 103B)
Class com.google.common.base.Platform                                                 : loaded 2 times (x 67B)
Class [Lorg.objectweb.asm.AnnotationWriter;                                           : loaded 2 times (x 65B)
Class com.google.common.primitives.Ints$IntConverter                                  : loaded 2 times (x 86B)
Class com.google.common.collect.Maps$8                                                : loaded 2 times (x 78B)
Class com.google.common.collect.ImmutableRangeSet$Builder                             : loaded 2 times (x 73B)
Class com.google.common.collect.Sets$SetView                                          : loaded 2 times (x 134B)
Class com.google.common.cache.LocalCache$StrongValueReference                         : loaded 2 times (x 86B)
Class com.google.common.util.concurrent.AbstractFuture$SynchronizedHelper             : loaded 2 times (x 74B)
Class com.google.common.base.CharMatcher$Invisible                                    : loaded 2 times (x 108B)
Class org.objectweb.asm.Type                                                          : loaded 2 times (x 68B)
Class org.gradle.internal.classloader.VisitableURLClassLoader$InstrumentingVisitableURLClassLoader: loaded 2 times (x 119B)
Class org.objectweb.asm.ByteVector                                                    : loaded 2 times (x 75B)
Class [Lcom.google.common.cache.CacheBuilder$NullListener;                            : loaded 2 times (x 65B)
Class com.google.common.math.IntMath$1                                                : loaded 2 times (x 67B)
Class org.gradle.internal.classloader.VisitableURLClassLoader$Spec                    : loaded 2 times (x 70B)
Class org.gradle.internal.classpath.DefaultClassPath                                  : loaded 2 times (x 86B)
Class com.google.common.reflect.Types$ClassOwnership                                  : loaded 2 times (x 76B)
Class org.objectweb.asm.Symbol                                                        : loaded 2 times (x 69B)
Class com.google.common.base.AbstractIterator                                         : loaded 2 times (x 76B)
Class com.google.common.collect.RegularImmutableMap$Values                            : loaded 2 times (x 203B)
Class com.google.common.collect.ImmutableSet                                          : loaded 2 times (x 141B)
Class com.google.common.base.CharMatcher$BitSetMatcher                                : loaded 2 times (x 108B)
Class com.google.common.base.CharMatcher$Ascii                                        : loaded 2 times (x 108B)
Class org.gradle.internal.classloader.ClassLoaderSpec                                 : loaded 2 times (x 67B)
Class net.rubygrapefruit.platform.internal.Platform$MacOs32Bit                        : loaded 2 times (x 78B)
Class net.rubygrapefruit.platform.internal.Platform$Linux64Bit                        : loaded 2 times (x 79B)
Class org.objectweb.asm.AnnotationWriter                                              : loaded 2 times (x 75B)
Class com.google.common.cache.CacheStats                                              : loaded 2 times (x 67B)
Class org.objectweb.asm.RecordComponentWriter                                         : loaded 2 times (x 74B)
Class com.google.common.util.concurrent.AbstractFuture$Listener                       : loaded 2 times (x 68B)
Class com.google.common.base.CharMatcher$Or                                           : loaded 2 times (x 108B)
Class Settings_gradle$1$1                                                             : loaded 2 times (x 70B)
Class org.objectweb.asm.Attribute                                                     : loaded 2 times (x 73B)
Class com.google.common.base.Supplier                                                 : loaded 2 times (x 66B)
Class org.gradle.internal.classloader.VisitableURLClassLoader                         : loaded 2 times (x 113B)
Class net.rubygrapefruit.platform.internal.FunctionResult$Failure                     : loaded 2 times (x 75B)
Class net.rubygrapefruit.platform.internal.NativeLibraryLoader                        : loaded 2 times (x 69B)
Class com.google.common.util.concurrent.AbstractFuture$Waiter                         : loaded 2 times (x 68B)
Class Settings_gradle                                                                 : loaded 2 times (x 124B)
Class org.gradle.internal.Cast                                                        : loaded 2 times (x 67B)
Class org.gradle.api.Action                                                           : loaded 2 times (x 66B)
Class com.google.common.base.Strings                                                  : loaded 2 times (x 67B)
Class com.google.common.collect.Sets                                                  : loaded 2 times (x 67B)
Class org.objectweb.asm.Handler                                                       : loaded 2 times (x 68B)
Class com.google.common.base.Ticker                                                   : loaded 2 times (x 68B)
Class com.google.common.base.CharMatcher$FastMatcher                                  : loaded 2 times (x 107B)
Class [Lcom.google.common.cache.LocalCache$Segment;                                   : loaded 2 times (x 65B)
Class [Lcom.google.common.cache.LocalCache$Strength;                                  : loaded 2 times (x 65B)
Class com.google.common.cache.CacheBuilder$1                                          : loaded 2 times (x 81B)
Class com.google.common.collect.ImmutableMap                                          : loaded 2 times (x 116B)
Class com.google.common.base.Predicate                                                : loaded 2 times (x 66B)
Class org.gradle.internal.classpath.DefaultClassPath$ImmutableUniqueList$Builder      : loaded 2 times (x 71B)
Class com.google.common.collect.AbstractRangeSet                                      : loaded 2 times (x 110B)
Class com.google.common.cache.LocalCache                                              : loaded 2 times (x 183B)
Class com.google.common.cache.CacheBuilder$2                                          : loaded 2 times (x 68B)
Class com.google.common.base.CharMatcher$NegatedFastMatcher                           : loaded 2 times (x 109B)
Class [Lcom.google.common.collect.AbstractMapEntry;                                   : loaded 2 times (x 65B)
Class com.google.common.collect.ImmutableEntry                                        : loaded 2 times (x 78B)
Class com.google.common.collect.ArrayListMultimap                                     : loaded 2 times (x 168B)
Class com.google.common.base.AbstractIterator$1                                       : loaded 2 times (x 67B)
Class com.google.common.base.CharMatcher$Digit                                        : loaded 2 times (x 108B)
Class org.gradle.api.GradleException                                                  : loaded 2 times (x 78B)
Class com.google.common.collect.CollectPreconditions                                  : loaded 2 times (x 67B)
Class com.google.common.base.CharMatcher$JavaIsoControl                               : loaded 2 times (x 108B)
Class com.google.common.collect.SortedMapDifference                                   : loaded 2 times (x 66B)
Class com.google.common.base.CharMatcher$JavaLowerCase                                : loaded 2 times (x 107B)
Class net.rubygrapefruit.platform.internal.NativeLibraryLocator                       : loaded 2 times (x 69B)
Class net.rubygrapefruit.platform.Process                                             : loaded 2 times (x 66B)
Class com.google.common.cache.LocalCache$EntryFactory                                 : loaded 2 times (x 79B)
Class com.google.common.reflect.Types$NativeTypeVariableEquals                        : loaded 2 times (x 67B)
Class com.google.common.reflect.TypeParameter                                         : loaded 2 times (x 68B)
Class com.google.common.cache.LocalCache$AbstractReferenceEntry                       : loaded 2 times (x 103B)
Class com.google.common.base.Splitter$1$1                                             : loaded 2 times (x 82B)
Class com.google.common.base.CharMatcher$Whitespace                                   : loaded 2 times (x 108B)
Class org.gradle.internal.IoActions                                                   : loaded 2 times (x 67B)
Class com.google.common.collect.ImmutableRangeSet$ComplementRanges                    : loaded 2 times (x 203B)
Class org.objectweb.asm.SymbolTable                                                   : loaded 2 times (x 68B)
Class com.google.common.cache.CacheLoader$InvalidCacheLoadException                   : loaded 2 times (x 78B)
Class com.google.common.collect.ImmutableSet$RegularSetBuilderImpl                    : loaded 2 times (x 73B)
Class com.google.common.base.CharMatcher$SingleWidth                                  : loaded 2 times (x 108B)
Class org.gradle.internal.classloader.SystemClassLoaderSpec                           : loaded 2 times (x 67B)
Class com.google.common.cache.LocalCache$StrongEntry                                  : loaded 2 times (x 104B)
Class com.google.common.util.concurrent.AbstractFuture$TrustedFuture                  : loaded 2 times (x 110B)
Class com.google.common.cache.LoadingCache                                            : loaded 2 times (x 66B)
Class net.rubygrapefruit.platform.ProcessLauncher                                     : loaded 2 times (x 66B)
Class org.objectweb.asm.MethodWriter                                                  : loaded 2 times (x 102B)
Class [Lcom.google.common.cache.Weigher;                                              : loaded 2 times (x 65B)
Class com.google.common.collect.RegularImmutableMap$BucketOverflowException           : loaded 2 times (x 78B)
Class com.google.common.reflect.Types$JavaVersion$1                                   : loaded 2 times (x 79B)
Class com.google.common.collect.RegularImmutableBiMap                                 : loaded 2 times (x 144B)
Class com.google.common.cache.LocalCache$ValueReference                               : loaded 2 times (x 66B)
Class com.google.common.base.CharMatcher$Negated                                      : loaded 2 times (x 109B)
Class com.google.common.base.CharMatcher$Is                                           : loaded 2 times (x 107B)
Class com.google.common.reflect.Types$JavaVersion$2                                   : loaded 2 times (x 79B)
Class com.google.common.reflect.Types                                                 : loaded 2 times (x 67B)
Class com.google.common.hash.PrimitiveSink                                            : loaded 2 times (x 66B)
Class com.google.common.base.PatternCompiler                                          : loaded 2 times (x 66B)
Class com.google.common.util.concurrent.AbstractFuture$Failure                        : loaded 2 times (x 68B)
Class com.google.common.base.Equivalence$Equals                                       : loaded 2 times (x 78B)
Class com.google.common.collect.Hashing                                               : loaded 2 times (x 67B)
Class com.google.common.base.Preconditions                                            : loaded 2 times (x 67B)
Class com.google.common.reflect.Types$JavaVersion$3                                   : loaded 2 times (x 79B)
Class com.google.common.base.Joiner$1                                                 : loaded 2 times (x 76B)
Class org.objectweb.asm.Label                                                         : loaded 2 times (x 69B)
Class org.objectweb.asm.CurrentFrame                                                  : loaded 2 times (x 69B)
Class org.objectweb.asm.ClassTooLargeException                                        : loaded 2 times (x 79B)
Class com.google.common.collect.PeekingIterator                                       : loaded 2 times (x 66B)
Class com.google.common.base.CharMatcher                                              : loaded 2 times (x 107B)
Class com.google.common.reflect.Types$JavaVersion$4                                   : loaded 2 times (x 79B)
Class com.google.common.collect.RangeGwtSerializationDependencies                     : loaded 2 times (x 67B)
Class com.google.common.base.Joiner$2                                                 : loaded 2 times (x 75B)
Class org.objectweb.asm.Frame                                                         : loaded 2 times (x 69B)
Class org.objectweb.asm.MethodVisitor                                                 : loaded 2 times (x 101B)
Class com.google.common.cache.LocalCache$EntryFactory$1                               : loaded 2 times (x 79B)
Class [Lcom.google.common.cache.RemovalListener;                                      : loaded 2 times (x 65B)
Class com.google.common.base.CharMatcher$1                                            : loaded 2 times (x 109B)
Class com.google.common.base.CharMatcher$NamedFastMatcher                             : loaded 2 times (x 108B)
Class com.google.common.reflect.Types$JavaVersion$5                                   : loaded 2 times (x 67B)
Class [Lcom.google.common.reflect.Types$ClassOwnership;                               : loaded 2 times (x 65B)
Class com.google.common.collect.RangeSet                                              : loaded 2 times (x 66B)
Class com.google.common.cache.LocalCache$EntryFactory$2                               : loaded 2 times (x 79B)
Class org.gradle.api.internal.classpath.GlobalCacheRootsProvider                      : loaded 2 times (x 66B)
Class com.google.common.collect.CollectCollectors                                     : loaded 2 times (x 67B)
Class org.objectweb.asm.ModuleWriter                                                  : loaded 2 times (x 78B)
Class com.google.common.cache.LocalCache$EntryFactory$3                               : loaded 2 times (x 79B)
Class com.google.common.base.Ticker$1                                                 : loaded 2 times (x 68B)
Class com.google.common.collect.ImmutableMapEntrySet$RegularEntrySet                  : loaded 2 times (x 147B)
Class com.google.common.collect.Maps$BiMapConverter                                   : loaded 2 times (x 86B)
Class net.rubygrapefruit.platform.internal.Platform$MacOs                             : loaded 2 times (x 78B)
Class net.rubygrapefruit.platform.internal.Platform$Window64Bit                       : loaded 2 times (x 75B)
Class com.google.common.cache.LocalCache$EntryFactory$4                               : loaded 2 times (x 79B)
Class com.google.common.collect.ImmutableSet$Builder                                  : loaded 2 times (x 81B)
Class com.google.common.base.CharMatcher$InRange                                      : loaded 2 times (x 107B)
Class com.google.common.cache.LocalCache$EntryFactory$5                               : loaded 2 times (x 79B)
Class com.google.common.base.PairwiseEquivalence                                      : loaded 2 times (x 79B)
Class com.google.common.cache.LocalCache$EntryFactory$6                               : loaded 2 times (x 79B)
Class org.gradle.internal.installation.CurrentGradleInstallationLocator               : loaded 2 times (x 67B)
Class com.google.common.collect.Maps$KeySet                                           : loaded 2 times (x 133B)
Class com.google.common.cache.LocalCache$EntryFactory$7                               : loaded 2 times (x 79B)
Class com.google.common.collect.ImmutableSet$EmptySetBuilderImpl                      : loaded 2 times (x 72B)
Class com.google.common.collect.ImmutableList                                         : loaded 2 times (x 202B)
Class org.gradle.internal.service.DefaultServiceLocator                               : loaded 2 times (x 79B)
Class com.google.common.cache.LocalCache$EntryFactory$8                               : loaded 2 times (x 79B)
Class com.google.common.collect.ImmutableSet$SetBuilderImpl                           : loaded 2 times (x 72B)
Class org.gradle.internal.installation.CurrentGradleInstallation                      : loaded 2 times (x 69B)
Class com.google.common.cache.CacheLoader$1                                           : loaded 2 times (x 71B)
Class com.google.common.collect.ForwardingObject                                      : loaded 2 times (x 68B)
Class com.google.common.collect.ImmutableList$SubList                                 : loaded 2 times (x 204B)
Class org.gradle.util.internal.GUtil                                                  : loaded 2 times (x 67B)
Class com.google.common.util.concurrent.AbstractFuture$SetFuture                      : loaded 2 times (x 71B)
Class com.google.common.cache.AbstractCache$StatsCounter                              : loaded 2 times (x 66B)
Class com.google.common.reflect.Types$TypeVariableImpl                                : loaded 2 times (x 68B)
Class com.google.common.collect.Iterators$MergingIterator                             : loaded 2 times (x 77B)
Class com.google.common.collect.RegularImmutableSet                                   : loaded 2 times (x 144B)
Class org.gradle.internal.installation.GradleInstallation                             : loaded 2 times (x 71B)
Class com.google.common.collect.Iterables                                             : loaded 2 times (x 67B)
Class com.google.common.base.Splitter$Strategy                                        : loaded 2 times (x 66B)

---------------  S Y S T E M  ---------------

OS:
 Windows 10 , 64 bit Build 19041 (10.0.19041.5678)
OS uptime: 0 days 3:13 hours
Hyper-V role detected

CPU: total 4 (initial active 4) (2 cores per cpu, 2 threads per core) family 6 model 69 stepping 1 microcode 0x25, cx8, cmov, fxsr, ht, mmx, sse, sse2, sse3, ssse3, sse4.1, sse4.2, popcnt, lzcnt, tsc, tscinvbit, avx, avx2, aes, erms, clmul, bmi1, bmi2, fma, vzeroupper, clflush, hv, rdtscp, f16c
Processor Information for all 4 processors :
  Max Mhz: 2601, Current Mhz: 2601, Mhz Limit: 2601

Memory: 4k page, system-wide physical 8097M (795M free)
TotalPageFile size 15261M (AvailPageFile size 43M)
current process WorkingSet (physical memory assigned to process): 489M, peak: 499M
current process commit charge ("private bytes"): 608M, peak: 853M

vm_info: OpenJDK 64-Bit Server VM (21.0.5+-12932927-b750.29) for windows-amd64 JRE (21.0.5+-12932927-b750.29), built on 2025-01-17T02:01:10Z by "builder" with MS VC++ 16.10 / 16.11 (VS2019)

END.
